"(0.25, 0.3)"
"(0.5720000000000001, 0.76)"
"(0.8099999999999999, 0.76)"
"(0.06727272727272728, 0.5650000000000001)"
"(0.34, 0.27)"
"(0.11481934731934731, 0.6357692307692309)"
"(0.38061224489795925, 0.6383673469387755)"
"(0.24895833333333334, 0.5541666666666667)"
"(0.27499999999999997, 0.47500000000000003)"
"(0.09341269841269839, 0.5718253968253968)"
"(0.3983333333333333, 0.5866666666666667)"
"(-0.15625, 0.75)"
"(0.27386363636363636, 0.39602272727272725)"
"(0.35574074074074075, 0.5677777777777778)"
"(0.04038461538461539, 0.31025641025641026)"
"(0.023166666666666676, 0.4012777777777778)"
"(0.31875000000000003, 0.59375)"
"(0.2833333333333333, 0.45)"
"(0.12111111111111113, 0.6333333333333333)"
"(0.3, 0.6071428571428571)"
"(0.1375, 0.825)"
"(0.24545454545454548, 0.6749999999999999)"
"(0.5199999999999999, 0.6199999999999999)"
"(0.22642045454545456, 0.6120265151515151)"
"(0.007539682539682533, 0.5948412698412698)"
"(0.34920634920634924, 0.4150793650793651)"
"(0.4428571428571429, 0.7178571428571429)"
"(0.5208333333333334, 0.5333333333333333)"
"(0.267027972027972, 0.43419580419580417)"
"(0.9, 0.9)"
"(0.46416666666666667, 0.64)"
"(0.5050000000000001, 0.31999999999999995)"
"(-0.10009920634920633, 0.5370039682539683)"
"(0.4433884297520661, 0.49504132231404957)"
"(0.45999999999999996, 0.54)"
"(0.75, 0.88125)"
"(0.26906862745098037, 0.4088235294117647)"
"(0.4097159090909091, 0.58375)"
"(0.2934659090909091, 0.41363636363636364)"
"(0.11499999999999999, 0.635)"
"(0.6, 0.55)"
"(0.19374999999999998, 0.275)"
"(0.37976190476190474, 0.6928571428571428)"
"(0.2357142857142857, 0.5142857142857142)"
"(0.4361111111111111, 0.6805555555555555)"
"(0.44090909090909086, 0.5818181818181819)"
"(0.45, 0.4625)"
"(0.6416666666666667, 0.7000000000000001)"
"(0.5037037037037037, 0.4740740740740741)"
"(0.6583333333333333, 0.6583333333333333)"
"(0.48775510204081635, 0.6183673469387755)"
"(0.25, 0.48124999999999996)"
"(0.9166666666666666, 0.7333333333333333)"
"(0.6, 0.53)"
"(0.20624999999999996, 0.3)"
"(0.21904761904761907, 0.6904761904761906)"
"(0.18, 0.41000000000000003)"
"(0.4458333333333333, 0.6083333333333334)"
"(0.13333333333333333, 0.19999999999999998)"
"(0.3305555555555555, 0.6285714285714286)"
"(0.30625, 0.875)"
"(0.725, 0.8375)"
"(0.05110544217687075, 0.489625850340136)"
"(0.2538095238095238, 0.6136507936507936)"
"(0.4375, 0.4625)"
"(0.3666666666666667, 0.5166666666666667)"
"(0.675, 0.605)"
"(0.55, 0.2)"
"(0.6685606060606061, 0.6840909090909091)"
"(0.625, 0.75)"
"(0.5114583333333332, 0.5416666666666666)"
"(0.17857142857142858, 0.5142857142857143)"
"(0.15, 0.325)"
"(0.25625, 0.671875)"
"(0.2630050505050505, 0.6452020202020202)"
"(0.42110389610389604, 0.5048701298701299)"
"(0.6125, 0.2833333333333333)"
"(0.625, 0.6875)"
"(0.1607142857142857, 0.7180059523809523)"
"(0.3666666666666667, 0.43333333333333335)"
"(0.325, 0.5666666666666667)"
"(0.037500000000000006, 0.4)"
"(0.7333333333333334, 0.7999999999999999)"
"(0.5, 0.7333333333333333)"
"(0.2729166666666667, 0.6416666666666667)"
"(0.04285714285714285, 0.5075396825396826)"
"(0.08583333333333334, 0.45999999999999996)"
"(0.3985119047619048, 0.6172619047619048)"
"(0.37142857142857144, 0.44285714285714284)"
"(0.3314935064935065, 0.65)"
"(0.38875000000000004, 0.61)"
"(0.3326666666666667, 0.7177777777777777)"
"(0.3125, 0.46875)"
"(0.2636363636363636, 0.4871212121212121)"
"(0.125, 0.48)"
"(0.11709183673469388, 0.6038265306122449)"
"(0.36, 0.5700000000000001)"
"(0.7666666666666666, 0.75)"
"(0.425, 0.43125)"
"(0.58, 0.6400000000000001)"
"(0.5, 0.5)"
"(-0.010999999999999973, 0.5933333333333334)"
"(0.3946428571428572, 0.5964285714285715)"
"(0.35634920634920636, 0.4984126984126984)"
"(0.37083333333333335, 0.6000000000000001)"
"(0.33549999999999996, 0.602)"
"(0.24111607142857147, 0.6146626984126985)"
"(0.4277777777777778, 0.7388888888888889)"
"(0.21250000000000002, 0.525)"
"(0.2538265306122449, 0.5387755102040817)"
"(0.3821428571428572, 0.6214285714285713)"
"(0.43, 0.62)"
"(0.31022727272727274, 0.4227272727272728)"
"(0.17148148148148146, 0.5866666666666667)"
"(0.38472222222222224, 0.4997222222222222)"
"(0.0788961038961039, 0.48149350649350653)"
"(0.31666666666666665, 0.5541666666666667)"
"(0.45240740740740737, 0.6409259259259259)"
"(0.27266899766899766, 0.4375291375291375)"
"(0.5, 0.5166666666666667)"
"(0.41423076923076924, 0.6215384615384614)"
"(0.495, 0.6)"
"(0.18112745098039215, 0.45490196078431383)"
"(0.10000000000000002, 0.7833333333333333)"
"(0.30000000000000004, 0.5125)"
"(0.3, 0.6)"
"(0.65, 0.65)"
"(0.4, 0.5)"
"(0.0, 0.0)"
"(0.5666666666666667, 0.46666666666666673)"
"(0.6933333333333334, 0.7833333333333333)"
"(0.22708333333333333, 0.5750000000000001)"
"(-0.008333333333333333, 0.13333333333333333)"
"(0.08466666666666671, 0.6513333333333332)"
"(0.14358974358974358, 0.47307692307692306)"
"(-0.09285714285714285, 0.7130952380952381)"
"(0.2538461538461539, 0.48974358974358984)"
"(-0.056249999999999994, 0.6923611111111112)"
"(0.16136363636363635, 0.4238906926406926)"
"(-0.14027777777777778, 0.6444444444444445)"
"(0.5, 0.55)"
"(0.0, 0.3)"
"(0.6, 1.0)"
"(0.534375, 0.6583333333333333)"
"(0.38, 0.48)"
"(0.25, 0.75)"
"(0.48750000000000004, 0.5875)"
"(0.3, 0.4333333333333333)"
"(0.2659090909090909, 0.75)"
"(0.325, 0.43333333333333335)"
"(0.0, 0.0)"
"(0.22499999999999998, 0.325)"
"(0.06944444444444443, 0.34722222222222215)"
"(0.3895833333333333, 0.8729166666666666)"
"(0.13333333333333333, 0.43333333333333335)"
"(0.24545454545454545, 0.7015151515151515)"
"(0.16, 0.51)"
"(0.7000000000000001, 0.6)"
"(0.5, 0.61875)"
"(-0.105, 0.8666666666666667)"
"(0.0, 0.115)"
"(0.35, 0.37)"
"(0.5832727272727274, 0.6609090909090909)"
"(0.05357142857142857, 0.35714285714285715)"
"(0.0, 0.6)"
"(0.0, 0.55)"
"(-0.03958333333333334, 0.45625)"
"(0.0007936507936507908, 0.5055555555555556)"
"(0.16666666666666666, 0.5833333333333334)"
"(0.0, 0.0)"
"(0.5875, 0.45999999999999996)"
"(0.18, 0.3)"
"(0.2715238095238095, 0.527047619047619)"
"(0.5, 0.6)"
"(0.375, 0.5)"
"(0.4125, 0.475)"
"(0.175, 0.6166666666666667)"
"(0.2833333333333333, 0.30000000000000004)"
"(0.050000000000000044, 0.8583333333333334)"
"(0.3157142857142857, 0.38142857142857145)"
"(0.7750000000000001, 0.825)"
"(0.6, 0.7333333333333334)"
"(0.275, 0.825)"
"(0.8, 0.75)"
"(0.4, 0.375)"
"(0.4, 0.55)"
"(0.5444444444444445, 0.5916666666666667)"
"(0.7166666666666667, 0.5666666666666667)"
"(0.35654761904761906, 0.6089285714285714)"
"(0.475, 0.675)"
"(0.5, 0.6666666666666667)"
"(0.7, 0.8)"
"(-0.25, 0.45)"
"(0.20000000000000004, 0.95)"
"(0.35, 0.44999999999999996)"
"(0.6166666666666666, 0.7129629629629629)"
"(0.5533333333333333, 0.6766666666666667)"
"(0.7, 0.6000000000000001)"
"(0.7666666666666666, 0.5166666666666667)"
"(0.1688888888888889, 0.2777777777777778)"
"(1.0, 0.3)"
"(0.2866666666666667, 0.6333333333333333)"
"(0.13863636363636364, 0.6648989898989899)"
"(0.1710678210678211, 0.4742321170892599)"
"(0.06809523809523811, 0.3914285714285714)"
"(0.3333333333333333, 0.16666666666666666)"
"(0.2727272727272727, 0.6893939393939393)"
"(0.5, 0.6)"
"(0.05925925925925927, 0.3342592592592593)"
"(0.2333333333333333, 0.43333333333333335)"
"(0.13333333333333336, 0.7333333333333334)"
"(0.54375, 0.6875)"
"(-0.15, 0.55)"
"(0.8, 0.75)"
"(0.0, 0.0)"
"(0.2, 0.3)"
"(0.375, 0.75)"
"(0.4666666666666666, 0.7166666666666667)"
"(0.10400000000000001, 0.851)"
"(0.575, 0.6375)"
"(0.40780303030303033, 0.6362878787878787)"
"(0.10757575757575756, 0.36666666666666664)"
"(0.32, 0.7000000000000001)"
"(0.40833333333333327, 0.7694444444444445)"
"(0.59625, 0.5950000000000001)"
"(0.13333333333333333, 0.44166666666666665)"
"(0.2333333333333333, 0.7333333333333334)"
"(0.11666666666666665, 0.3166666666666667)"
"(0.25555555555555554, 0.45694444444444443)"
"(0.3, 0.2)"
"(0.0, 0.625)"
"(0.39, 0.26)"
"(0.5, 0.7)"
"(0.0, 0.0)"
"(0.2, 0.3)"
"(0.0, 0.0)"
"(1.0, 0.3)"
"(0.0, 0.0)"
"(0.3, 0.85)"
"(0.4905454545454546, 0.7218181818181818)"
"(0.3833333333333333, 0.5333333333333333)"
"(0.28106060606060607, 0.6090909090909091)"
"(0.5, 0.7833333333333333)"
"(-0.013888888888888895, 0.6435185185185185)"
"(0.4000000000000001, 0.6233333333333333)"
"(0.30972222222222223, 0.623611111111111)"
"(0.3083333333333333, 0.65)"
"(0.0, 0.0)"
"(-0.39, 0.65)"
"(0.35, 0.4766666666666667)"
"(0.4166666666666667, 0.5166666666666667)"
"(0.65, 0.625)"
"(0.35, 0.48)"
"(0.25, 0.5833333333333334)"
"(0.0, 0.0)"
"(0.2333333333333333, 0.5750000000000001)"
"(0.475, 0.35)"
"(0.175, 0.45)"
"(0.225, 0.6)"
"(-0.125, 0.9444444444444444)"
"(0.5, 0.5)"
"(0.30874999999999997, 0.35375)"
"(0.5583333333333333, 0.47500000000000003)"
"(0.4785714285714286, 0.5142857142857143)"
"(0.18888888888888888, 0.5222222222222221)"
"(-0.018750000000000003, 0.45)"
"(0.8, 0.75)"
"(0.1720328282828283, 0.5319444444444444)"
"(0.0, 0.25)"
"(0.6020833333333333, 0.5791666666666666)"
"(0.4392676767676768, 0.6714646464646465)"
"(0.7, 0.6000000000000001)"
"(0.0, 0.0)"
"(0.5, 0.5)"
"(0.85, 0.45000000000000007)"
"(0.2, 0.5399999999999999)"
"(0.5, 0.5)"
"(0.3625, 0.35)"
"(0.18055555555555555, 0.4305555555555556)"
"(0.1666666666666667, 0.4444444444444445)"
"(0.06787878787878787, 0.5842424242424242)"
"(0.39999999999999997, 0.5333333333333333)"
"(0.16018518518518515, 0.425)"
"(0.2, 0.6666666666666667)"
"(-0.1337121212121212, 0.35)"
"(0.0824074074074074, 0.2814814814814815)"
"(0.08, 0.31999999999999995)"
"(0.5, 0.5)"
"(0.38, 0.5)"
"(0.0, 0.0)"
"(0.5, 1.0)"
"(0.37857142857142856, 0.5642857142857143)"
"(0.4600000000000001, 0.55)"
"(0.43000000000000005, 0.6)"
"(0.35, 0.525)"
"(0.21666666666666667, 0.48333333333333334)"
"(0.20953423120089787, 0.4500617283950617)"
"(0.023660714285714306, 0.22440476190476188)"
"(0.3, 0.35)"
"(-0.14791666666666664, 0.43125)"
"(0.4041666666666667, 0.6041666666666667)"
"(0.0, 0.0)"
"(0.5, 0.5)"
"(0.0, 0.0)"
"(0.3202020202020202, 0.5097222222222222)"
"(0.5, 0.6)"
"(1.0, 0.75)"
"(0.20833333333333334, 0.5333333333333333)"
"(-0.1125, 0.76)"
"(0.16944444444444443, 0.6805555555555555)"
"(0.5, 0.5333333333333333)"
"(0.0, 0.0)"
"(0.35, 0.30000000000000004)"
"(0.25, 0.3625)"
"(0.19642857142857145, 0.4914285714285714)"
"(0.25, 0.52)"
"(0.0, 1.0)"
"(0.375, 0.5)"
"(0.03409090909090909, 0.5)"
"(0.25, 0.5)"
"(-0.6, 0.9)"
"(0.5, 0.6)"
"(0.7000000000000001, 0.5333333333333333)"
"(-0.3, 0.6)"
"(0.12388888888888888, 0.3527777777777778)"
"(0.0, 0.2833333333333333)"
"(0.2357371794871795, 0.4487891737891738)"
"(0.31666666666666665, 0.5666666666666667)"
"(0.27999999999999997, 0.3933333333333333)"
"(0.0, 0.0)"
"(0.11949300699300698, 0.48312937062937067)"
"(0.0, 0.0)"
"(1.0, 0.9)"
"(0.03958333333333336, 0.7379166666666667)"
"(0.10486111111111109, 0.3888888888888889)"
"(0.35375000000000006, 0.8208333333333334)"
"(0.325, 0.36875)"
"(0.2875, 0.375)"
"(0.5666666666666667, 0.7999999999999999)"
"(0.0, 0.0)"
"(-0.125, 0.6)"
"(0.65, 0.625)"
"(0.3, 0.5)"
"(0.7125, 0.675)"
"(0.3391005291005291, 0.5789947089947091)"
"(0.1978937728937729, 0.3861721611721612)"
"(0.4011111111111111, 0.6533333333333334)"
"(0.2681754519989814, 0.6759676597911893)"
"(0.6, 0.55)"
"(0.7, 0.6000000000000001)"
"(0.0, 0.0)"
"(0.5681818181818181, 0.7272727272727273)"
"(-0.3499999999999999, 0.3333333333333333)"
"(0.75, 0.7625)"
"(0.5, 0.5)"
"(0.0, 0.0)"
"(0.43333333333333335, 0.8333333333333334)"
"(0.48333333333333334, 0.7000000000000001)"
"(1.0, 0.3)"
"(0.5, 0.6)"
"(-0.1, 0.05)"
"(0.36, 0.605)"
"(0.11333333333333334, 0.5900000000000001)"
"(0.2606060606060606, 0.45)"
"(0.5625, 0.65)"
"(1.0, 0.3)"
"(0.625, 0.6)"
"(0.3333333333333333, 0.3333333333333333)"
"(0.16, 0.6)"
"(0.5285714285714286, 0.5357142857142857)"
"(-0.04, 0.47333333333333333)"
"(0.2888888888888889, 0.37777777777777777)"
"(0.2333333333333333, 0.6666666666666666)"
"(-0.05436507936507936, 0.5313492063492063)"
"(0.2534722222222222, 0.5791666666666666)"
"(-0.25, 0.25)"
"(0.5454545454545454, 0.6515151515151515)"
"(0.27961538461538465, 0.4242307692307692)"
"(0.10333333333333332, 0.2566666666666667)"
"(-0.06527777777777778, 0.6673611111111111)"
"(0.52, 1.0)"
"(0.49848484848484853, 0.6696969696969696)"
"(0.2, 0.3)"
"(0.4883333333333334, 0.7050000000000001)"
"(-0.07692307692307693, 0.15384615384615385)"
"(0.52, 1.0)"
"(0.4375, 0.2375)"
"(0.0, 0.0)"
"(-0.35, 0.6000000000000001)"
"(1.0, 0.3)"
"(0.0, 0.0)"
"(0.34545454545454546, 0.6515151515151515)"
"(0.13666666666666666, 0.26)"
"(0.5, 0.6)"
"(0.0, 0.0)"
"(-0.1875, 0.1)"
"(1.0, 1.0)"
"(0.1, 0.1)"
"(-0.075, 0.05)"
"(0.0, 0.0)"
"(0.0, 0.0)"
"(0.125, 0.16666666666666666)"
"(0.0, 0.0)"
"(0.8, 0.75)"
"(0.16666666666666666, 0.39999999999999997)"
"(0.09930555555555554, 0.2673611111111111)"
"(0.02200000000000002, 0.32199999999999995)"
"(0.08263888888888889, 0.5833333333333334)"
"(0.25, 0.55)"
"(-0.12291666666666667, 0.4354166666666667)"
"(0.1631746031746032, 0.5039682539682541)"
"(0.2128787878787879, 0.6643181818181817)"
"(0.08833333333333335, 0.595)"
"(0.34166666666666673, 0.39166666666666666)"
"(0.3461538461538462, 0.576923076923077)"
"(0.0, 0.0)"
"(-0.1, 0.1)"
"(0.375, 0.625)"
"(-0.21666666666666667, 0.65)"
"(-0.0625, 0.25)"
"(-0.1875, 0.7)"
"(0.30727272727272725, 0.6799999999999999)"
"(0.25, 0.5)"
"(0.225, 0.5416666666666666)"
"(0.1, 0.3107142857142857)"
"(0.7, 0.6000000000000001)"
"(0.0, 0.0)"
"(-0.5777777777777778, 0.6444444444444445)"
"(0.0, 0.5)"
"(1.0, 0.3)"
"(0.26666666666666666, 0.68)"
"(0.375, 0.75)"
"(0.4875, 0.63125)"
"(0.16, 0.5399999999999999)"
"(0.4, 0.675)"
"(0.2893939393939394, 0.33409090909090916)"
"(0.40583333333333343, 0.5191666666666667)"
"(0.3125, 0.55)"
"(0.22291280148423004, 0.5230983302411873)"
"(0.5069444444444444, 0.4861111111111111)"
"(0.4375, 0.55)"
"(0.14893939393939393, 0.6131313131313131)"
"(0.15714285714285717, 0.31428571428571433)"
"(0.015625, 0.4625)"
"(0.42500000000000004, 0.445)"
"(0.8, 0.75)"
"(0.19, 0.36333333333333334)"
"(-0.01666666666666668, 0.4258333333333334)"
"(-0.05, 0.12142857142857143)"
"(0.45656565656565656, 0.6944444444444445)"
"(0.09285714285714285, 0.3821428571428571)"
"(0.4166666666666667, 0.8666666666666667)"
"(0.033939393939393936, 0.22424242424242427)"
"(0.275, 0.475)"
"(0.23958333333333331, 0.29374999999999996)"
"(0.3181818181818182, 0.5)"
"(0.54, 0.6666666666666667)"
"(0.75, 0.4)"
"(0.3125, 0.65)"
"(0.5, 0.375)"
"(0.625, 0.6)"
"(0.0, 0.0)"
"(-0.2916666666666667, 0.5416666666666666)"
"(1.0, 0.3)"
"(0.6666666666666666, 0.3666666666666667)"
"(0.0, 0.0)"
"(0.25, 0.75)"
"(0.26666666666666666, 0.6666666666666666)"
"(0.2, 0.2625)"
"(0.43333333333333335, 0.8333333333333334)"
"(0.45, 0.5166666666666667)"
"(0.0, 0.0)"
"(1.0, 0.3)"
"(0.5499999999999999, 0.5333333333333333)"
"(0.3704545454545454, 0.75)"
"(0.07500000000000001, 0.525)"
"(0.6000000000000001, 0.9)"
"(0.5000000000000001, 0.6166666666666667)"
"(0.175, 0.7)"
"(0.19444444444444442, 0.7977777777777777)"
"(0.3125, 0.6375000000000001)"
"(0.26666666666666666, 0.45555555555555555)"
"(0.4, 0.35)"
"(0.3806818181818182, 0.55)"
"(0.1, 0.1)"
"(1.0, 0.3)"
"(0.625, 0.6)"
"(0.425, 0.5833333333333334)"
"(0.15, 0.65)"
"(0.16666666666666666, 0.4444444444444445)"
"(0.0, 0.0)"
"(-0.05, 0.1)"
"(0.12857142857142856, 0.31785714285714284)"
"(-0.00833333333333334, 0.425)"
"(0.06666666666666667, 0.3833333333333333)"
"(-0.11249999999999999, 0.2375)"
"(0.12516233766233767, 0.4775974025974026)"
"(0.08977272727272727, 0.5133333333333334)"
"(0.11944444444444444, 0.37654320987654316)"
"(0.1484375, 0.6125)"
"(0.035648148148148144, 0.3518518518518519)"
"(0.04722222222222222, 0.5)"
"(0.0, 0.1)"
"(0.16770833333333332, 0.475)"
"(0.135, 0.5549999999999999)"
"(0.21439393939393936, 0.5361111111111111)"
"(0.06666666666666667, 0.15)"
"(0.5, 0.8333333333333334)"
"(0.24062499999999998, 0.38571428571428573)"
"(0.3522222222222222, 0.5900000000000001)"
"(0.2130411255411256, 0.6356926406926406)"
"(0.1875, 0.4875)"
"(0.4666666666666666, 0.4361111111111111)"
"(0.2, 0.2)"
"(0.2604166666666667, 0.41785714285714287)"
"(0.40285714285714286, 0.7107142857142857)"
"(0.41711309523809526, 0.5199404761904761)"
"(0.15, 0.484375)"
"(-0.45, 0.85)"
"(0.47187499999999993, 0.5283333333333333)"
"(0.2375, 0.4708333333333333)"
"(0.5, 0.55)"
"(0.13375, 0.53)"
"(0.14583333333333337, 0.4458333333333333)"
"(0.35000000000000003, 0.39999999999999997)"
"(0.20833333333333334, 0.6499999999999999)"
"(0.2384615384615385, 0.48846153846153845)"
"(0.14375, 0.5458333333333334)"
"(0.1, 0.30000000000000004)"
"(0.34545454545454546, 0.5515151515151515)"
"(0.31875, 0.521875)"
"(0.17261904761904762, 0.5685714285714286)"
"(0.5, 0.6)"
"(0.3816919191919192, 0.7121212121212122)"
"(0.21428571428571427, 0.4785714285714286)"
"(0.5, 0.6)"
"(0.5, 0.6)"
"(0.6875, 0.4)"
"(-0.024999999999999967, 0.905)"
"(0.29, 0.53)"
"(0.45, 0.5)"
"(0.41500000000000004, 0.5149999999999999)"
"(0.13500000000000004, 0.5599999999999999)"
"(0.65, 0.7375)"
"(0.65, 0.625)"
"(0.75, 0.4)"
"(0.165, 0.635)"
"(0.33999999999999997, 0.63)"
"(0.0, 0.0)"
"(0.1, 0.1)"
"(-0.6, 0.9)"
"(0.2, 0.2)"
"(0.2, 0.3)"
"(0.5, 0.5)"
"(0.0, 0.0)"
"(0.3333333333333333, 0.7000000000000001)"
"(0.3166666666666667, 0.7166666666666668)"
"(0.475, 0.5)"
"(0.275, 0.45499999999999996)"
"(0.0, 0.06666666666666667)"
"(0.4375, 0.65)"
"(0.0, 0.0)"
"(0.8, 0.75)"
"(0.30000000000000004, 0.95)"
"(0.19583333333333333, 0.5773148148148147)"
"(0.134375, 0.53125)"
"(0.2545454545454545, 0.6209207459207458)"
"(0.18055555555555555, 0.6820987654320987)"
"(0.11041666666666668, 0.3975)"
"(0.3777935606060606, 0.6187499999999999)"
"(0.26470779220779217, 0.4542857142857143)"
"(0.42916666666666664, 0.6166666666666666)"
"(0.14285714285714285, 0.2714285714285714)"
"(0.0009259259259259164, 0.4601851851851852)"
"(0.5583333333333333, 0.7916666666666666)"
"(0.28750000000000003, 0.5798611111111112)"
"(0.14802188552188553, 0.46902356902356906)"
"(0.14914772727272724, 0.5046875)"
"(-0.05, 0.1)"
"(0.07465277777777778, 0.5055555555555555)"
"(-0.1, 0.3)"
"(0.15625, 0.41875)"
"(0.10714285714285714, 0.3392857142857143)"
"(0.23333333333333336, 0.31666666666666665)"
"(0.1, 0.2)"
"(0.8, 0.75)"
"(0.0, 0.0)"
"(-0.25, 0.5)"
"(-0.16666666666666666, 0.5)"
"(0.0, 0.0)"
"(0.2142857142857143, 0.3214285714285714)"
"(0.0, 0.0)"
"(0.05, 0.55)"
"(0.25, 1.0)"
"(0.325, 0.5916666666666667)"
"(0.5, 0.45)"
"(-0.5, 0.5)"
"(0.0, 0.0)"
"(0.65, 0.625)"
"(0.20277777777777778, 0.5746913580246914)"
"(0.0, 1.0)"
"(0.4, 0.645)"
"(0.23041666666666671, 0.4298992673992674)"
"(0.0, 0.0)"
"(0.3393939393939394, 0.5120320855614973)"
"(0.21250000000000002, 0.4875)"
"(0.21458333333333335, 0.36979166666666674)"
"(0.28196022727272724, 0.6716382575757576)"
"(-0.15000000000000002, 0.575)"
"(0.19616161616161615, 0.4886868686868687)"
"(0.0, 0.0)"
"(5.551115123125783e-17, 0.6333333333333333)"
"(0.04999999999999999, 0.625)"
"(1.0, 0.3)"
"(0.2954112554112554, 0.5532900432900433)"
"(0.19166666666666665, 0.8166666666666668)"
"(0.12727272727272726, 0.48590909090909096)"
"(0.05, 0.525)"
"(0.024999999999999994, 0.21666666666666667)"
"(-0.22500000000000006, 0.8333333333333333)"
"(-0.4277777777777777, 0.47777777777777775)"
"(0.734375, 1.0)"
"(0.29500000000000004, 0.4)"
"(0.21875, 0.45)"
"(0.0, 0.0)"
"(0.2254329004329004, 0.48874458874458876)"
"(0.378, 0.6199999999999999)"
"(0.38409090909090904, 0.5813636363636364)"
"(0.26285714285714284, 0.48000000000000004)"
"(0.11346153846153845, 0.3173076923076923)"
"(0.11458333333333333, 0.5713541666666666)"
"(0.4587771203155819, 0.5447731755424063)"
"(0.5, 0.6666666666666667)"
"(0.25, 0.25)"
"(0.2, 0.3)"
"(0.5, 0.5)"
"(0.15, 0.6499999999999999)"
"(0.5, 0.26666666666666666)"
"(0.0, 0.6)"
"(0.1875, 0.4)"
"(0.04166666666666666, 0.736111111111111)"
"(-0.26, 0.13)"
"(-0.09722222222222225, 0.375)"
"(0.16666666666666666, 0.6666666666666666)"
"(0.125, 0.125)"
"(0.36999999999999994, 0.7933333333333334)"
"(0.3145454545454546, 0.5509090909090909)"
"(0.23200000000000004, 0.728)"
"(0.16818181818181818, 0.37727272727272726)"
"(-0.06111111111111111, 0.6555555555555556)"
"(0.8, 0.75)"
"(0.02111111111111112, 0.5666666666666667)"
"(0.38, 0.45999999999999996)"
"(0.07954545454545454, 0.4041666666666667)"
"(0.25909090909090904, 0.55)"
"(0.10285714285714284, 0.5589285714285714)"
"(0.6, 0.6666666666666666)"
"(0.8, 0.75)"
"(0.0, 0.0)"
"(0.1, 0.65)"
"(0.13674242424242422, 0.5238095238095238)"
"(0.20984848484848492, 0.6151515151515151)"
"(0.20000000000000004, 0.45)"
"(0.05520833333333333, 0.578125)"
"(-0.09999999999999999, 0.7000000000000001)"
"(-0.018939393939393943, 0.43416666666666665)"
"(0.27222222222222225, 0.6722222222222223)"
"(0.26477272727272727, 0.5135416666666666)"
"(0.024999999999999994, 0.375)"
"(0.0, 0.6)"
"(-0.35555555555555546, 0.6222222222222221)"
"(0.4666666666666667, 0.6666666666666667)"
"(0.375, 0.48125)"
"(0.5333333333333333, 0.6166666666666667)"
"(0.5511538461538461, 0.7746153846153847)"
"(0.2, 0.3)"
"(0.2, 0.3)"
"(0.37083333333333335, 0.6000000000000001)"
"(0.7, 0.6000000000000001)"
"(0.16666666666666666, 0.6666666666666666)"
"(0.0, 0.0)"
"(0.12227272727272727, 0.45999999999999996)"
"(0.0893939393939394, 0.4583333333333333)"
"(0.3181818181818182, 0.5)"
"(0.8, 0.75)"
"(0.0, 1.0)"
"(0.45, 0.7625)"
"(0.3, 0.8)"
"(0.5047619047619047, 0.5095238095238096)"
"(0.5340909090909091, 0.625)"
"(0.1, 0.4)"
"(0.25, 0.3125)"
"(-0.1, 0.2)"
"(0.2, 0.2)"
"(0.8, 0.75)"
"(0.345, 0.34333333333333343)"
"(0.0, 0.0)"
"(-0.10000000000000003, 0.9)"
"(0.4453125, 0.5958333333333333)"
"(0.3055555555555555, 0.7222222222222222)"
"(0.1557291666666667, 0.3875)"
"(0.75, 0.675)"
"(-0.25833333333333336, 0.5)"
"(0.0798611111111111, 0.37222222222222223)"
"(0.05, 0.2)"
"(0.2, 0.4)"
"(-0.29583333333333334, 0.4708333333333333)"
"(0.8, 0.75)"
"(0.0, 0.0)"
"(0.18021026592455167, 0.4670068027210884)"
"(0.25, 0.75)"
"(0.04999999999999996, 0.5333333333333333)"
"(0.125, 0.45)"
"(-0.25, 0.5)"
"(0.0, 0.0)"
"(0.5, 0.6)"
"(0.5611111111111112, 0.6888888888888888)"
"(0.27303571428571427, 0.4841558441558442)"
"(0.2696969696969697, 0.42351190476190476)"
"(0.21000000000000002, 0.74)"
"(0.0, 0.0)"
"(0.1880952380952381, 0.4849206349206349)"
"(0.1590909090909091, 0.6000000000000001)"
"(0.65, 0.7833333333333333)"
"(-0.15000000000000002, 0.7666666666666666)"
"(0.4840909090909091, 0.6386363636363637)"
"(-0.10000000000000002, 0.2333333333333333)"
"(0.39999999999999997, 0.5821428571428572)"
"(0.5875, 0.75)"
"(0.05, 0.4)"
"(0.625, 1.0)"
"(-0.125, 0.5944444444444444)"
"(0.4525, 0.55)"
"(-0.10138888888888892, 0.48333333333333334)"
"(-0.019999999999999997, 0.34500000000000003)"
"(0.25142857142857145, 0.4342857142857143)"
"(0.3, 0.30000000000000004)"
"(0.2616666666666666, 0.39333333333333337)"
"(0.41827272727272724, 0.6599999999999999)"
"(0.5, 0.7)"
"(0.20320512820512823, 0.43076923076923074)"
"(0.275, 0.6666666666666666)"
"(0.35833333333333334, 0.5583333333333332)"
"(0.25, 0.6083333333333334)"
"(0.125, 0.15833333333333333)"
"(0.5, 0.6)"
"(0.1625, 0.5625)"
"(0.6, 0.55)"
"(-0.89, 1.0)"
"(0.5, 0.7)"
"(-0.25, 0.4)"
"(0.3, 0.5)"
"(0.375, 0.875)"
"(0.0, 0.0)"
"(0.2, 0.2)"
"(0.0, 0.1)"
"(-0.25, 0.25)"
"(0.0, 0.0)"
"(-0.21875, 0.375)"
"(0.26515151515151514, 0.3696969696969697)"
"(0.8, 0.75)"
"(-0.15, 0.575)"
"(0.8, 1.0)"
"(-0.2471590909090909, 0.8375)"
"(0.8, 1.0)"
"(0.0, 0.0)"
"(-0.075, 0.3)"
"(0.625, 0.6)"
"(0.5, 0.5)"
"(0.175, 0.7)"
"(0.35, 0.35000000000000003)"
"(0.1, 0.175)"
"(0.25, 0.3)"
"(0.05, 0.15)"
"(0.0, 0.1)"
"(0.25416666666666665, 0.7000000000000001)"
"(0.1625, 0.6041666666666666)"
"(-0.08674242424242425, 0.6151515151515151)"
"(0.4, 0.425)"
"(0.6, 1.0)"
"(0.0, 1.0)"
"(0.203125, 0.40625)"
"(0.4166666666666667, 0.8666666666666666)"
"(-0.25, 0.25)"
"(-0.27777777777777773, 0.5111111111111111)"
"(0.12500000000000003, 0.4166666666666667)"
"(0.3, 0.5)"
"(0.0, 0.0)"
"(0.4666666666666666, 0.6166666666666667)"
"(0.7, 0.8)"
"(0.6, 1.0)"
"(0.21666666666666667, 0.6488095238095238)"
"(0.0, 0.0)"
"(0.4, 0.375)"
"(0.0, 0.0)"
"(0.25, 0.55)"
"(0.0, 0.1)"
"(-0.0625, 0.1875)"
"(0.16666666666666669, 0.2833333333333333)"
"(-0.1875, 0.5)"
"(0.26666666666666666, 0.6)"
"(-0.1875, 0.5)"
"(0.2, 0.6)"
"(0.03333333333333333, 0.4666666666666666)"
"(0.0, 0.35714285714285715)"
"(0.1051948051948052, 0.36558441558441557)"
"(0.253125, 0.49375)"
"(0.2916666666666667, 0.5249999999999999)"
"(0.020238095238095243, 0.42857142857142866)"
"(0.0460813492063492, 0.4656746031746031)"
"(0.24345730027548207, 0.528030303030303)"
"(0.08625000000000001, 0.4831944444444444)"
"(0.75, 0.9)"
"(-0.11666666666666665, 0.5333333333333333)"
"(0.33749999999999997, 0.7666666666666666)"
"(0.15, 0.6166666666666667)"
"(0.033333333333333326, 0.3166666666666667)"
"(-0.5777777777777778, 0.6444444444444445)"
"(0.69, 0.69)"
"(-0.21250000000000002, 0.2875)"
"(0.3908333333333333, 0.6825000000000001)"
"(0.25, 0.6000000000000001)"
"(0.21250000000000002, 0.45)"
"(0.5333333333333333, 0.7999999999999999)"
"(0.4, 0.5666666666666667)"
"(0.09375, 0.4)"
"(0.3461038961038961, 0.633044733044733)"
"(0.0, 0.0)"
"(0.4, 0.375)"
"(-0.04999999999999999, 0.7)"
"(0.5, 0.625)"
"(0.36000000000000004, 0.645)"
"(-0.1, 0.4)"
"(1.0, 0.3)"
"(0.7, 0.4)"
"(0.2, 0.3)"
"(0.3333333333333333, 0.5333333333333333)"
"(0.0, 1.0)"
"(0.15656565656565655, 0.47373737373737373)"
"(0.4318181818181818, 0.6113636363636363)"
"(0.40606060606060607, 0.55)"
"(0.5666666666666668, 0.5499999999999999)"
"(0.5, 0.5)"
"(0.0, 0.25)"
"(0.0, 1.0)"
"(-0.15, 0.35)"
"(0.75, 0.75)"
"(0.525, 0.875)"
"(1.0, 0.3)"
"(0.2, 0.4)"
"(-0.6999999999999998, 0.6666666666666666)"
"(0.16818181818181818, 0.32727272727272727)"
"(0.9, 0.65)"
"(0.43333333333333335, 0.6083333333333333)"
"(0.4, 0.75)"
"(0.5, 0.5)"
"(0.46666666666666673, 0.5499999999999999)"
"(-0.03333333333333333, 0.10000000000000002)"
"(-0.009595959595959616, 0.3717171717171717)"
"(-0.07916666666666664, 0.5809523809523809)"
"(0.36500000000000005, 0.6799999999999999)"
"(0.16875, 0.4791666666666667)"
"(0.3854166666666667, 0.5625)"
"(0.011931818181818175, 0.34375)"
"(0.2892857142857143, 0.4892857142857143)"
"(0.05, 0.3)"
"(0.4, 0.6)"
"(0.6, 1.0)"
"(0.5, 0.5)"
"(-0.8749999999999998, 0.6666666666666666)"
"(0.5, 0.6)"
"(0.4, 0.375)"
"(0.16666666666666666, 0.7333333333333334)"
"(-0.19166666666666665, 0.5499999999999999)"
"(0.42259615384615384, 0.5115384615384615)"
"(1.0, 0.75)"
"(0.5121212121212121, 0.5666666666666667)"
"(0.8, 0.75)"
"(0.4, 0.375)"
"(0.46875, 0.6166666666666667)"
"(0.13333333333333333, 0.225)"
"(0.275, 0.5020833333333334)"
"(-0.19999999999999996, 0.36666666666666664)"
"(0.4, 0.4464285714285714)"
"(0.20625, 0.5625)"
"(0.6594444444444445, 0.6466666666666667)"
"(0.23333333333333336, 0.6666666666666666)"
"(0.0, 0.0)"
"(-0.041666666666666664, 0.125)"
"(0.19999999999999996, 0.5555555555555555)"
"(0.09166666666666667, 0.15833333333333333)"
"(0.9, 0.525)"
"(0.17222222222222222, 0.4309027777777778)"
"(0.0, 0.0)"
"(-0.014444444444444449, 0.9)"
"(-0.0257936507936508, 0.4422619047619048)"
"(0.25, 0.55)"
"(0.0, 0.0)"
"(0.2441666666666667, 0.6275000000000001)"
"(-0.25, 0.5)"
"(0.32, 0.38)"
"(0.44000000000000006, 0.69)"
"(0.31666666666666665, 0.7333333333333334)"
"(-0.22916666666666666, 0.5666666666666667)"
"(0.05, 0.05)"
"(0.2, 0.3)"
"(0.475, 0.775)"
"(0.5, 0.65)"
"(0.0, 0.125)"
"(0.0, 0.0)"
"(0.1, 0.1)"
"(0.5, 0.675)"
"(0.4333333333333333, 0.7333333333333333)"
"(0.9, 0.525)"
"(0.39, 1.0)"
"(0.8, 0.75)"
"(0.0, 0.0)"
"(0.0, 0.0)"
"(0.8, 0.75)"
"(0.2833333333333333, 0.38333333333333336)"
"(0.005681818181818177, 0.4375)"
"(0.2, 0.3)"
"(0.21666666666666665, 0.5611111111111111)"
"(1.0, 0.3)"
"(0.0, 0.0)"
"(0.15714285714285717, 0.6857142857142858)"
"(0.1638888888888889, 0.5527777777777777)"
"(0.22000000000000003, 0.38)"
"(0.0, 0.0)"
"(0.3075, 0.4525)"
"(0.11111111111111112, 0.5)"
"(0.5, 0.5)"
"(0.2, 0.2)"
"(0.35416666666666663, 0.7708333333333333)"
"(0.6333333333333333, 0.43333333333333335)"
"(0.31212121212121213, 0.5515151515151515)"
"(0.25, 0.3)"
"(0.0, 0.0)"
"(-0.038461538461538464, 0.7692307692307692)"
"(0.7, 0.875)"
"(0.0, 0.0)"
"(0.0, 0.0)"
"(0.4, 0.575)"
"(0.0, 0.0)"
"(-0.058333333333333334, 0.6166666666666667)"
"(0.2, 0.3)"
"(0.13333333333333336, 0.37777777777777777)"
"(-0.04583333333333334, 0.37083333333333335)"
"(-0.20000000000000004, 0.6)"
"(0.5, 0.4)"
"(0.13894557823129253, 0.547108843537415)"
"(0.24074074074074073, 0.6064814814814815)"
"(-0.23333333333333334, 0.2833333333333333)"
"(0.0, 0.5)"
"(0.8, 0.75)"
"(-0.125, 0.75)"
"(0.3946428571428572, 0.6428571428571429)"
"(0.04062500000000001, 0.3958333333333333)"
"(0.0, 0.0)"
"(0.3397916666666666, 0.6089583333333334)"
"(0.07406462585034014, 0.5756802721088435)"
"(0.22329545454545452, 0.45681818181818185)"
"(-0.1, 0.43125)"
"(0.28375, 0.5486111111111112)"
"(0.24166666666666667, 0.6208333333333333)"
"(0.12916666666666668, 0.4375)"
"(0.3541666666666667, 0.6898148148148149)"
"(0.5583333333333333, 0.6166666666666667)"
"(0.8, 0.75)"
"(-0.04999999999999999, 0.55)"
"(0.8, 0.75)"
"(-0.18444444444444444, 0.40444444444444444)"
"(-0.075, 0.19999999999999998)"
"(0.8, 0.75)"
"(0.3444444444444444, 0.6111111111111112)"
"(0.16666666666666666, 0.16666666666666666)"
"(0.25, 0.3125)"
"(-0.25, 0.25)"
"(1.0, 0.3)"
"(0.20138888888888887, 0.4222222222222222)"
"(0.27499999999999997, 0.26666666666666666)"
"(0.27321428571428574, 0.4928571428571429)"
"(0.04305555555555556, 0.42083333333333334)"
"(0.22833333333333333, 0.5166666666666666)"
"(0.3875, 0.65)"
"(0.05972222222222223, 0.6833333333333332)"
"(0.14366319444444445, 0.4402777777777778)"
"(0.1976190476190476, 0.45595238095238094)"
"(0.25043589743589745, 0.4497948717948718)"
"(0.34702797202797203, 0.6153846153846153)"
"(0.15972222222222224, 0.375)"
"(0.23194444444444443, 0.5111111111111111)"
"(-0.0027272727272727284, 0.47868686868686866)"
"(0.1757142857142857, 0.5195238095238095)"
"(0.2, 0.7)"
"(-0.13333333333333333, 0.6416666666666667)"
"(0.20000000000000004, 0.39999999999999997)"
"(0.09583333333333335, 0.4114583333333333)"
"(-0.08482142857142858, 0.6443452380952381)"
"(0.18214285714285713, 0.5535714285714286)"
"(-0.017857142857142856, 0.5035714285714286)"
"(0.196875, 0.625)"
"(0.39999999999999997, 0.5)"
"(0.3225, 0.595)"
"(0.4, 0.35)"
"(0.6, 1.0)"
"(0.6, 0.9)"
"(0.9, 0.875)"
"(0.65, 0.6666666666666666)"
"(0.8666666666666667, 0.8333333333333334)"
"(0.65, 0.65)"
"(0.45, 0.4875)"
"(0.3333333333333333, 0.4166666666666667)"
"(0.8, 0.75)"
"(-0.002777777777777782, 0.3902777777777777)"
"(0.2569444444444444, 0.6555555555555556)"
"(0.43333333333333335, 0.4166666666666667)"
"(0.10714285714285714, 0.2857142857142857)"
"(0.18020833333333333, 0.3463541666666667)"
"(-0.05555555555555558, 0.7777777777777778)"
"(0.6375, 0.6375)"
"(0.11562500000000002, 0.6)"
"(0.14384920634920634, 0.5412698412698412)"
"(-0.07666666666666669, 0.5566666666666666)"
"(0.259375, 0.59375)"
"(0.3125, 0.75)"
"(0.0, 0.0)"
"(0.42544642857142856, 0.5732142857142857)"
"(0.27045454545454545, 0.5416666666666666)"
"(0.0, 0.3333333333333333)"
"(-0.11614583333333334, 0.5463541666666667)"
"(0.1761904761904762, 0.5619047619047619)"
"(0.5, 0.5)"
"(0.3, 0.5)"
"(0.16666666666666666, 0.5666666666666668)"
"(0.0, 0.625)"
"(0.0, 0.0)"
"(0.30416666666666664, 0.6805555555555555)"
"(0.5, 0.5)"
"(0.43333333333333335, 0.8333333333333334)"
"(0.6, 1.0)"
"(0.13636363636363635, 0.45454545454545453)"
"(0.2, 0.3)"
"(0.0, 0.0)"
"(0.0, 0.0)"
"(0.4, 0.4)"
"(0.5, 0.8333333333333334)"
"(0.0, 0.0)"
"(0.25, 0.55)"
"(0.5, 0.5)"
"(0.3479166666666667, 0.6416666666666666)"
"(0.625, 0.5)"
"(0.5, 0.5)"
"(0.026111111111111116, 0.2672222222222222)"
"(0.0062500000000000056, 0.575)"
"(0.6375000000000001, 0.7944444444444444)"
"(0.6666666666666666, 0.762962962962963)"
"(0.125, 0.55)"
"(0.27999999999999997, 0.58)"
"(0.4166666666666667, 0.638888888888889)"
"(0.175, 0.23125)"
"(0.07962962962962963, 0.47037037037037027)"
"(0.3148148148148148, 0.6296296296296297)"
"(0.25476190476190474, 0.48452380952380947)"
"(0.23124999999999998, 0.39999999999999997)"
"(0.05166666666666669, 0.54375)"
"(0.2, 0.3987179487179487)"
"(0.1375, 0.425)"
"(0.12287878787878788, 0.5583333333333333)"
"(0.15833333333333333, 0.625)"
"(0.09404761904761903, 0.5773809523809523)"
"(0.06666666666666668, 0.5509259259259259)"
"(0.19854797979797978, 0.5027777777777778)"
"(0.16, 0.5399999999999999)"
"(0.1166666666666667, 0.41833333333333333)"
"(0.26666666666666666, 0.48611111111111116)"
"(0.37878787878787873, 0.5333333333333333)"
"(0.4847222222222222, 0.6444444444444445)"
"(0.0, 0.0)"
"(0.2604166666666667, 0.8020833333333334)"
"(-0.020000000000000007, 0.7)"
"(-0.075, 0.28750000000000003)"
"(0.16666666666666666, 0.31666666666666665)"
"(0.1568181818181818, 0.23636363636363633)"
"(0.17500000000000002, 0.4533333333333333)"
"(0.04375, 0.6)"
"(0.2, 0.3)"
"(0.3, 0.9)"
"(0.022, 0.3017777777777778)"
"(0.15, 0.45)"
"(0.005555555555555554, 0.5777777777777778)"
"(0.45, 0.8333333333333334)"
"(0.1371527777777778, 0.7083333333333334)"
"(0.11388888888888889, 0.4583333333333333)"
"(0.4, 0.8)"
"(0.35, 0.4)"
"(0.17045454545454544, 0.45454545454545453)"
"(0.5, 0.5)"
"(-0.15, 0.39999999999999997)"
"(0.3333333333333333, 0.5666666666666667)"
"(0.3333333333333333, 0.5666666666666667)"
"(0.6666666666666666, 0.75)"
"(0.25999999999999995, 0.49000000000000005)"
"(0.5, 0.5)"
"(0.017857142857142856, 0.32976190476190476)"
"(0.41875, 0.59375)"
"(0.060719696969697014, 0.68875)"
"(0.2613636363636364, 0.5566287878787879)"
"(0.3265873015873016, 0.5440476190476191)"
"(0.43333333333333335, 0.4583333333333333)"
"(0.30357142857142855, 0.5107142857142858)"
"(-0.036851851851851844, 0.4498148148148149)"
"(0.2641975308641975, 0.39938271604938275)"
"(0.33499999999999996, 0.30333333333333334)"
"(0.3212121212121213, 0.5895833333333332)"
"(0.21805555555555559, 0.34027777777777785)"
"(-0.05, 0.2)"
"(0.4, 0.4375)"
"(0.0, 0.0)"
"(0.26233766233766237, 0.5887445887445887)"
"(0.5, 0.5)"
"(0.5231534090909091, 0.7230113636363636)"
"(0.025, 0.5416666666666666)"
"(0.35714285714285715, 0.6)"
"(0.7, 0.65)"
"(-0.12714285714285709, 0.5747619047619048)"
"(0.34, 0.7)"
"(1.0, 0.5)"
"(0.75, 0.9)"
"(0.0, 0.0)"
"(0.15555555555555553, 0.4444444444444444)"
"(0.25, 0.25)"
"(0.7, 0.6000000000000001)"
"(-0.15, 0.725)"
"(0.0, 0.0)"
"(0.5, 0.6)"
"(0.15625, 0.5)"
"(0.20666666666666664, 0.5666666666666667)"
"(0.23249999999999998, 0.5)"
"(0.17916666666666667, 0.7708333333333333)"
"(0.10000000000000002, 0.5333333333333333)"
"(0.38666666666666666, 0.4916666666666667)"
"(0.14814814814814817, 0.688888888888889)"
"(0.22992424242424245, 0.43958333333333344)"
"(0.2777777777777778, 0.6111111111111112)"
"(-0.010204081632653057, 0.30612244897959184)"
"(0.0, 0.0)"
"(-0.03571428571428571, 0.07142857142857142)"
"(-0.25, 0.5)"
"(0.15, 0.44166666666666665)"
"(0.4333333333333333, 0.5416666666666666)"
"(0.05000000000000002, 0.675)"
"(0.5249999999999999, 0.5750000000000001)"
"(0.10555555555555557, 0.7000000000000001)"
"(0.65, 0.625)"
"(0.16666666666666666, 0.3666666666666667)"
"(-0.07499999999999998, 0.4)"
"(0.3, 0.2)"
"(0.5, 0.15)"
"(0.13333333333333333, 0.6)"
"(0.0, 0.5)"
"(0.39999999999999997, 0.6)"
"(0.35416666666666663, 0.4208333333333333)"
"(0.033333333333333326, 0.85)"
"(-0.17916666666666667, 0.4666666666666666)"
"(0.13583333333333333, 0.27166666666666667)"
"(0.0, 0.0)"
"(0.0, 0.0)"
"(-0.14999999999999988, 0.7833333333333333)"
"(0.03125, 0.3125)"
"(-0.15000000000000002, 0.8)"
"(0.7000000000000001, 0.95)"
"(0.0, 1.0)"
"(0.6, 1.0)"
"(1.0, 1.0)"
"(-0.20833333333333331, 0.47777777777777775)"
"(0.1622159090909091, 0.5636363636363637)"
"(0.42857142857142855, 0.2785714285714285)"
"(0.225, 0.5750000000000001)"
"(0.12250000000000001, 0.54)"
"(0.14375, 0.625)"
"(0.08020833333333333, 0.41041666666666665)"
"(0.325, 0.9)"
"(0.25, 1.0)"
"(0.23333333333333334, 0.45)"
"(0.6000000000000001, 0.775)"
"(0.8, 1.0)"
"(0.0, 0.0)"
"(0.2, 0.2)"
"(0.4787878787878788, 0.5681818181818182)"
"(-0.016666666666666673, 0.7000000000000001)"
"(0.25, 0.7166666666666667)"
"(0.5625, 0.6944444444444444)"
"(0.25, 0.65)"
"(-0.02840909090909091, 0.4375)"
"(0.16666666666666666, 0.19999999999999998)"
"(0.5, 0.5)"
"(0.2875, 0.39999999999999997)"
"(-0.05, 0.55)"
"(-0.05, 0.4)"
"(0.15000000000000002, 0.9166666666666666)"
"(0.4, 0.375)"
"(-0.125, 0.375)"
"(0.8, 0.75)"
"(-0.13333333333333333, 0.6333333333333333)"
"(0.21875, 0.5625)"
"(0.85, 1.0)"
"(-0.30000000000000004, 0.39999999999999997)"
"(0.55, 0.6)"
"(0.2, 0.4)"
"(0.1, 0.0)"
"(-0.20000000000000004, 0.9)"
"(0.5532575757575757, 0.6711363636363638)"
"(1.0, 0.75)"
"(0.26, 0.26)"
"(0.3888888888888889, 0.4611111111111111)"
"(0.0, 0.0)"
"(-0.3263888888888889, 0.5805555555555555)"
"(0.15000000000000002, 0.4)"
"(-0.3, 0.4)"
"(0.05535714285714286, 0.29047619047619044)"
"(0.10714285714285714, 0.2476190476190476)"
"(0.19, 0.5599999999999999)"
"(-0.1125, 0.4916666666666667)"
"(0.16944444444444443, 0.6138888888888889)"
"(-0.25, 0.6055555555555555)"
"(0.22123015873015872, 0.7351190476190476)"
"(0.16499999999999998, 0.8300000000000001)"
"(0.14285714285714285, 0.473015873015873)"
"(0.20380952380952383, 0.4538095238095239)"
"(0.6875, 0.55)"
"(0.06666666666666668, 0.3487179487179487)"
"(0.11499999999999999, 0.47250000000000003)"
"(0.0, 0.0)"
"(0.09761904761904763, 0.2380952380952381)"
"(0.13999999999999999, 0.47000000000000003)"
"(0.5, 0.5)"
"(0.8, 0.75)"
"(0.06666666666666668, 0.48)"
"(-0.12333333333333334, 0.5583333333333333)"
"(0.1, 1.0)"
"(0.25972222222222224, 0.6708333333333334)"
"(-0.1275, 0.6044444444444445)"
"(0.1416666666666667, 0.5604166666666668)"
"(0.19166666666666665, 0.37083333333333335)"
"(0.48714285714285716, 0.6628571428571429)"
"(0.14821428571428572, 0.5648809523809524)"
"(0.3427631578947368, 0.5767543859649122)"
"(-0.04048581048581048, 0.7065608465608465)"
"(-0.05694444444444444, 0.42638888888888893)"
"(0.1, 0.65)"
"(0.3333333333333333, 0.41666666666666663)"
"(0.49583333333333335, 0.5499999999999999)"
"(0.5, 0.7)"
"(0.0, 0.0)"
"(0.0, 0.0)"
"(-0.47777777777777775, 0.6444444444444445)"
"(0.1875, 0.5)"
"(-0.1, 0.3)"
"(-0.20833333333333334, 0.3333333333333333)"
"(0.0, 0.0)"
"(0.13636363636363635, 0.5)"
"(0.2, 0.3)"
"(-0.2520833333333333, 0.4145833333333333)"
"(0.13636363636363635, 0.5)"
"(-0.78, 1.0)"
"(-0.2916666666666667, 0.5416666666666666)"
"(0.0, 0.0)"
"(-0.5409090909090909, 0.725)"
"(0.25, 0.75)"
"(0.0, 0.0)"
"(-0.30000000000000004, 0.39999999999999997)"
"(0.08333333333333333, 0.45)"
"(-0.24166666666666667, 0.47500000000000003)"
"(0.3, 0.5944444444444444)"
"(0.25, 1.0)"
"(0.5625, 0.7)"
"(0.2356349206349206, 0.39804232804232803)"
"(0.24166666666666667, 0.9166666666666666)"
"(-0.10833333333333334, 0.6)"
"(-0.0625, 0.5)"
"(0.32666666666666666, 0.6)"
"(0.25, 0.6)"
"(0.4, 0.9)"
"(0.27, 0.65)"
"(0.3116161616161616, 0.41944444444444445)"
"(0.2715909090909091, 0.525)"
"(0.0, 0.0)"
"(0.55, 1.0)"
"(0.05, 0.35)"
"(0.0, 0.0)"
"(0.0, 0.0)"
"(0.4787878787878788, 0.5833333333333334)"
"(0.0, 0.0)"
"(-0.2, 0.05)"
"(0.5, 0.575)"
"(0.13636363636363635, 0.5)"
"(0.1375, 0.3875)"
"(0.0, 0.0)"
"(0.3833333333333333, 0.6)"
"(0.0, 0.0)"
"(-1.0, 1.0)"
"(0.06590909090909092, 0.55)"
"(-0.29999999999999993, 0.5333333333333333)"
"(0.16818181818181818, 0.35)"
"(0.39999999999999997, 0.43333333333333335)"
"(0.375, 0.72)"
"(0.3844444444444444, 0.681111111111111)"
"(0.1285714285714286, 0.32857142857142857)"
"(0.3125, 0.325)"
"(0.3, 0.5)"
"(0.8, 0.95)"
"(0.4375, 0.4375)"
"(1.0, 0.3)"
"(0.22857142857142856, 0.37857142857142856)"
"(0.21666666666666667, 0.9166666666666667)"
"(0.1, 0.2)"
"(0.0, 0.6)"
"(0.20555555555555557, 0.5111111111111111)"
"(-0.15, 0.39999999999999997)"
"(0.0, 0.3)"
"(0.0, 0.0)"
"(0.7, 0.6000000000000001)"
"(-0.25, 1.0)"
"(0.65, 0.625)"
"(0.3520833333333333, 0.5354166666666667)"
"(-0.2375, 0.7124999999999999)"
"(0.65, 0.78125)"
"(0.37777777777777777, 0.8888888888888888)"
"(-0.05714285714285715, 0.3142857142857142)"
"(0.3833333333333333, 0.5333333333333333)"
"(-0.3666666666666667, 0.39999999999999997)"
"(-0.05, 0.45)"
"(-0.03333333333333333, 0.06666666666666667)"
"(0.3333333333333333, 0.5750000000000001)"
"(-0.006249999999999999, 0.6875)"
"(0.22142857142857145, 0.7071428571428572)"
"(-0.5, 0.5)"
"(0.0, 0.0)"
"(0.0, 0.0)"
"(0.8, 0.75)"
"(0.44999999999999996, 0.35000000000000003)"
"(0.0, 0.0)"
"(-0.018560606060606055, 0.43333333333333335)"
"(0.8, 0.75)"
"(0.0, 0.0)"
"(0.5888888888888889, 0.7777777777777778)"
"(0.0, 1.0)"
"(0.0, 0.0)"
"(0.3666666666666667, 0.39999999999999997)"
"(-0.09722222222222222, 0.34722222222222215)"
"(0.16666666666666666, 0.3333333333333333)"
"(0.0625, 0.5)"
"(0.03805555555555554, 0.6388888888888888)"
"(0.25, 0.5625)"
"(0.25, 0.4285714285714286)"
"(0.24739583333333334, 0.44375)"
"(-0.09375, 0.5)"
"(-0.011616161616161608, 0.39999999999999997)"
"(-0.1, 0.3)"
"(-0.2892857142857143, 0.4902380952380952)"
"(0.5, 0.5)"
"(0.3526666666666667, 0.40499999999999997)"
"(0.04642857142857143, 0.3)"
"(0.06666666666666667, 0.5)"
"(0.031666666666666655, 0.5583333333333333)"
"(0.07000000000000003, 0.96)"
"(0.06666666666666667, 0.7999999999999999)"
"(0.37750000000000006, 0.8)"
"(-0.125, 0.375)"
"(-0.1, 0.775)"
"(0.175, 0.325)"
"(0.22714285714285715, 0.8271428571428572)"
"(0.5, 0.6)"
"(0.6, 1.0)"
"(0.04999999999999999, 1.0)"
"(0.3, 0.75)"
"(0.0, 0.0)"
"(-0.07291666666666667, 0.46875)"
"(0.0, 0.0)"
"(0.09166666666666667, 0.38055555555555554)"
"(0.465, 0.53)"
"(1.0, 0.65)"
"(0.2301948051948052, 0.5256493506493507)"
"(0.18983333333333335, 0.5426666666666666)"
"(0.1787878787878788, 0.3333333333333333)"
"(0.28055555555555556, 0.5319444444444444)"
"(0.45, 0.32666666666666666)"
"(0.49375, 0.56875)"
"(0.4, 1.0)"
"(0.13333333333333333, 0.6666666666666666)"
"(0.7, 0.9)"
"(0.0, 0.125)"
"(0.0, 0.0)"
"(0.0, 0.25)"
"(0.2875, 0.2875)"
"(0.1, 0.4)"
"(0.4, 0.4)"
"(0.3, 0.75)"
"(-0.5, 1.0)"
"(0.5333333333333333, 0.4222222222222222)"
"(-0.125, 0.375)"
"(0.0, 0.0)"
"(-0.1, 0.4)"
"(-0.3, 0.4)"
"(0.45, 0.575)"
"(-0.18333333333333335, 0.9166666666666667)"
"(-0.21666666666666667, 0.8333333333333334)"
"(0.3181818181818182, 0.5)"
"(0.0, 0.0)"
"(0.07878787878787878, 0.6181818181818182)"
"(0.4375, 0.75)"
"(0.0, 0.0)"
"(0.6499999999999999, 0.8)"
"(0.6, 0.95)"
"(0.4, 1.0)"
"(0.0, 0.0)"
"(0.8, 0.75)"
"(0.5, 0.5)"
"(0.5, 0.5)"
"(0.3181818181818182, 0.5)"
"(0.050000000000000024, 0.6)"
"(-0.125, 0.15000000000000002)"
"(0.25, 0.6190476190476191)"
"(0.375, 0.75)"
"(0.388888888888889, 0.5767094017094018)"
"(0.0, 1.0)"
"(0.48333333333333334, 0.7333333333333334)"
"(-0.4333333333333334, 0.5333333333333334)"
"(0.36, 0.45999999999999996)"
"(0.2125, 1.0)"
"(0.09821428571428573, 0.37142857142857144)"
"(0.0, 0.0)"
"(0.5266666666666666, 0.6900000000000001)"
"(0.13125, 0.4)"
"(0.17410714285714285, 0.5178571428571428)"
"(0.32083333333333336, 0.7083333333333334)"
"(0.025, 0.4)"
"(0.25, 0.5)"
"(0.5833333333333334, 0.7666666666666666)"
"(0.0, 0.025)"
"(0.31666666666666665, 0.5666666666666667)"
"(-0.03500000000000002, 0.5566666666666666)"
"(0.2816666666666667, 0.58125)"
"(-0.15, 0.39999999999999997)"
"(-0.037499999999999964, 0.5416666666666666)"
"(0.36875, 0.875)"
"(0.19999999999999998, 0.7333333333333334)"
"(0.42777777777777776, 0.9444444444444445)"
"(-0.6083333333333334, 1.0)"
"(-0.014999999999999996, 0.325)"
"(0.6, 0.55)"
"(0.5, 1.0)"
"(0.13636363636363635, 0.45454545454545453)"
"(0.2, 0.3)"
"(0.7, 0.95)"
"(0.53125, 0.75)"
"(0.8, 0.75)"
"(0.8, 0.75)"
"(0.53125, 0.75)"
"(0.2, 0.3)"
"(-0.21851851851851853, 0.42962962962962964)"
"(-0.17499999999999996, 0.19166666666666665)"
"(0.5, 0.5)"
"(-0.04999999999999999, 0.7)"
"(0.0, 0.0)"
"(0.625, 0.6166666666666667)"
"(0.39999999999999997, 0.5333333333333333)"
"(0.0, 0.0)"
"(0.65, 0.875)"
"(0.31666666666666665, 0.5166666666666667)"
"(0.11604040404040401, 0.5785050505050505)"
"(0.2, 0.5)"
"(-0.325, 0.7)"
"(0.08080357142857143, 0.4450892857142857)"
"(-1.0, 1.0)"
"(0.1, 0.1)"
"(0.5249999999999999, 0.6875)"
"(0.2696969696969697, 0.4688311688311689)"
"(0.1111111111111111, 0.4888888888888889)"
"(0.2733333333333333, 0.62)"
"(0.22999999999999998, 0.53)"
"(0.16, 0.45777777777777773)"
"(0.1208333333333333, 0.7416666666666667)"
"(0.13333333333333333, 0.5333333333333333)"
"(0.12738095238095237, 0.5333333333333333)"
"(-0.045, 0.475)"
"(0.3071428571428571, 0.6642857142857144)"
"(0.0, 0.0)"
"(0.5111111111111112, 0.5944444444444444)"
"(0.9, 0.875)"
"(0.08214285714285716, 0.5869047619047619)"
"(0.10416666666666666, 0.5208333333333333)"
"(1.0, 0.3)"
"(0.4, 0.375)"
"(-0.3499999999999999, 0.8333333333333333)"
"(-0.07916666666666666, 0.7041666666666667)"
"(0.13, 0.26)"
"(0.525, 0.5625)"
"(0.35000000000000003, 0.425)"
"(0.22000000000000003, 0.5599999999999999)"
"(0.3590909090909091, 0.4625)"
"(-0.05, 0.40499999999999997)"
"(1.0, 0.3)"
"(0.021428571428571422, 0.7839285714285714)"
"(0.35999999999999993, 0.655)"
"(-0.175, 0.925)"
"(0.48333333333333334, 0.7333333333333334)"
"(0.08708333333333333, 0.5866666666666667)"
"(0.4, 0.375)"
"(0.0, 0.0)"
"(0.0625, 0.64)"
"(0.7333333333333334, 0.65)"
"(0.3171717171717172, 0.5021464646464647)"
"(0.08333333333333333, 0.2333333333333333)"
"(0.14, 0.63)"
"(0.5083333333333333, 0.5583333333333332)"
"(0.04375, 0.405)"
"(-0.5, 1.0)"
"(0.5, 0.5)"
"(0.25793650793650796, 0.35714285714285715)"
"(0.125, 0.4916666666666667)"
"(0.06666666666666667, 0.65)"
"(0.2, 0.6)"
"(0.03999999999999998, 0.89)"
"(-0.29999999999999993, 0.8333333333333333)"
"(0.0, 0.0)"
"(0.4, 0.875)"
"(0.15, 0.4083333333333334)"
"(0.09821428571428571, 0.48214285714285715)"
"(0.47159090909090906, 0.4553030303030303)"
"(0.3666666666666667, 0.6666666666666666)"
"(0.43333333333333335, 0.8333333333333334)"
"(0.5, 0.5)"
"(0.3208333333333333, 0.9)"
"(0.025000000000000005, 0.43333333333333335)"
"(0.43333333333333335, 0.8333333333333334)"
"(0.28939393939393937, 0.4007575757575758)"
"(-0.09166666666666667, 0.7916666666666666)"
"(0.0, 0.0)"
"(0.6, 0.65)"
"(0.04545454545454545, 0.5)"
"(-0.0625, 0.75)"
"(0.0, 0.0)"
"(-0.31500000000000006, 0.755)"
"(-1.0, 1.0)"
"(0.15, 0.725)"
"(0.0, 1.0)"
"(0.85, 1.0)"
"(0.16666666666666666, 0.26666666666666666)"
"(0.15416666666666665, 0.6058333333333332)"
"(0.08705357142857144, 0.42470238095238094)"
"(0.45, 0.8166666666666668)"
"(0.65, 0.7333333333333334)"
"(1.0, 0.3)"
"(-0.018518518518518462, 0.5685185185185185)"
"(0.2, 0.1875)"
"(1.0, 0.3)"
"(-0.25, 0.25)"
"(1.0, 0.3)"
"(1.0, 0.65)"
"(0.0, 0.0)"
"(0.13333333333333333, 0.8333333333333334)"
"(0.5, 0.5)"
"(0.0, 0.0)"
"(0.050000000000000044, 0.49166666666666664)"
"(1.0, 0.6)"
"(0.75, 0.8)"
"(0.4125, 0.6499999999999999)"
"(0.2, 0.2)"
"(0.5208333333333333, 0.775)"
"(0.44999999999999996, 0.4)"
"(0.0, 0.0)"
"(0.4, 0.4)"
"(0.5, 0.6)"
"(0.0, 0.0)"
"(0.7, 0.6000000000000001)"
"(0.35, 1.0)"
"(0.06666666666666667, 0.13333333333333333)"
"(0.8, 0.75)"
"(0.2833333333333333, 0.5166666666666666)"
"(0.5, 0.6)"
"(0.6, 0.55)"
"(-0.153125, 0.38749999999999996)"
"(0.5901515151515152, 0.6515151515151515)"
"(0.1, 0.15)"
"(0.26, 0.41500000000000004)"
"(0.34166666666666673, 0.6249999999999999)"
"(0.37222222222222223, 0.5611111111111111)"
"(0.16666666666666666, 0.3333333333333333)"
"(0.3, 0.2)"
"(0.6, 0.9)"
"(0.0, 0.0)"
"(0.26666666666666666, 0.43333333333333335)"
"(0.0, 0.0)"
"(0.35, 1.0)"
"(0.8, 0.75)"
"(0.4, 0.75)"
"(0.5416666666666666, 0.45)"
"(0.06190476190476191, 0.6785714285714285)"
"(0.4, 0.4)"
"(0.06818181818181818, 0.275)"
"(0.4047619047619047, 0.480952380952381)"
"(-0.19999999999999996, 0.48888888888888893)"
"(0.625, 0.6)"
"(0.16666666666666666, 0.5416666666666666)"
"(0.11666666666666665, 0.5833333333333334)"
"(0.5, 0.4)"
"(0.5349999999999999, 0.6799999999999999)"
"(0.8500000000000001, 0.875)"
"(0.2, 0.47500000000000003)"
"(0.0, 0.0)"
"(-0.0875, 0.725)"
"(0.0, 1.0)"
"(0.0, 0.75)"
"(0.175, 0.50625)"
"(0.5, 0.5)"
"(0.2375, 0.6875)"
"(0.25, 0.5)"
"(-1.0, 1.0)"
"(0.15416666666666667, 0.3333333333333333)"
"(0.4, 0.5)"
"(0.21666666666666667, 0.4666666666666666)"
"(0.5, 0.5)"
"(0.0, 0.3)"
"(0.5, 0.5)"
"(0.2787878787878788, 0.43333333333333335)"
"(0.21666666666666667, 0.9166666666666667)"
"(0.0, 0.0)"
"(0.4666666666666667, 0.6666666666666667)"
"(0.0, 0.18846153846153846)"
"(0.0, 0.0)"
"(0.4, 0.4)"
"(0.25, 0.44999999999999996)"
"(0.3333333333333333, 0.5833333333333333)"
"(0.43333333333333335, 0.8333333333333334)"
"(0.05833333333333334, 0.4583333333333333)"
"(0.09, 0.53)"
"(0.28888888888888886, 0.45555555555555555)"
"(0.28253968253968254, 0.5206349206349207)"
"(0.45, 0.875)"
"(-0.06666666666666667, 0.16666666666666666)"
"(0.8, 0.75)"
"(0.25, 0.2)"
"(0.375, 1.0)"
"(0.0, 0.0)"
"(0.35, 0.4)"
"(0.4, 0.4)"
"(0.3, 0.2)"
"(0.0, 0.0)"
"(0.7, 0.6000000000000001)"
"(0.20208333333333334, 0.6458333333333334)"
"(0.47142857142857136, 0.5095238095238096)"
"(-0.08333333333333333, 0.8333333333333334)"
"(0.15, 0.55)"
"(0.075, 0.15)"
"(0.29833333333333334, 0.5783333333333334)"
"(0.09615384615384615, 0.43461538461538457)"
"(0.5, 0.6000000000000001)"
"(0.22, 0.5466666666666667)"
"(0.2733333333333334, 0.56)"
"(0.0, 0.6)"
"(0.3666666666666667, 0.7000000000000001)"
"(0.375, 0.675)"
"(0.07500000000000004, 0.41666666666666663)"
"(0.1, 0.6)"
"(-0.15833333333333335, 0.6566666666666667)"
"(0.4, 0.8)"
"(0.375, 0.575)"
"(0.4666666666666666, 0.46666666666666673)"
"(0.2875, 0.48750000000000004)"
"(0.34, 0.5)"
"(-0.5, 1.0)"
"(0.6, 0.7166666666666667)"
"(0.16666666666666666, 0.611111111111111)"
"(-0.13333333333333333, 0.6)"
"(0.20000000000000004, 0.7)"
"(0.13333333333333333, 0.4222222222222222)"
"(-0.08333333333333333, 0.3333333333333333)"
"(-0.0041666666666666675, 0.17083333333333334)"
"(-0.023333333333333327, 0.3706666666666667)"
"(-0.15833333333333333, 0.525)"
"(-0.05000000000000003, 0.7010416666666667)"
"(0.2571428571428572, 0.4428571428571429)"
"(0.3875, 0.625)"
"(0.3875, 0.6125)"
"(0.1875, 0.9625)"
"(0.11000000000000001, 0.78)"
"(0.15416666666666667, 0.5625)"
"(0.22999999999999998, 0.53)"
"(-0.0625, 0.25)"
"(0.010000000000000009, 0.62)"
"(0.10000000000000003, 0.65)"
"(0.8, 0.75)"
"(-0.15833333333333333, 0.5483333333333333)"
"(0.0, 0.25)"
"(0.0, 0.0)"
"(0.22727272727272727, 0.5454545454545454)"
"(0.6, 1.0)"
"(0.0, 0.0)"
"(0.3666666666666667, 0.55)"
"(0.0, 0.825)"
"(0.4, 0.5)"
"(0.2857142857142857, 0.5357142857142857)"
"(0.8, 1.0)"
"(0.1, 0.2)"
"(0.0, 0.0)"
"(0.4, 0.8)"
"(0.31666666666666665, 0.5666666666666668)"
"(0.25, 0.4)"
"(0.34761904761904766, 0.5095238095238095)"
"(0.9, 0.8099999999999999)"
"(0.43, 0.6333333333333333)"
"(0.24542568542568544, 0.4981168831168831)"
"(0.0, 0.0)"
"(0.16666666666666666, 0.5583333333333332)"
"(0.0, 0.5)"
"(-0.014560439560439556, 0.5777472527472527)"
"(0.11401515151515151, 0.496969696969697)"
"(0.08333333333333333, 0.3833333333333333)"
"(0.407979797979798, 0.6244444444444444)"
"(0.32, 0.4)"
"(-0.1875, 0.5958333333333333)"
"(0.43339002267573695, 0.5132086167800454)"
"(-0.21097222222222223, 0.625)"
"(0.0, 0.0)"
"(0.0, 0.0)"
"(0.52, 1.0)"
"(0.3, 0.26666666666666666)"
"(-0.21666666666666667, 0.3666666666666667)"
"(0.6625, 0.66875)"
"(0.025000000000000012, 0.535)"
"(0.30416666666666664, 0.4833333333333334)"
"(0.3375, 0.5446428571428572)"
"(-0.044, 0.556)"
"(0.11249999999999999, 0.38749999999999996)"
"(0.18592171717171715, 0.4163510101010101)"
"(0.4, 0.51)"
"(0.54375, 0.5125)"
"(0.3375, 0.35)"
"(0.26666666666666666, 0.7333333333333334)"
"(0.16999999999999998, 0.85)"
"(0.48916666666666675, 0.5635416666666666)"
"(0.16000000000000003, 0.5)"
"(0.5, 0.5)"
"(0.11666666666666665, 0.305)"
"(0.13226190476190475, 0.5214285714285715)"
"(0.2877142857142857, 0.5028571428571429)"
"(0.2747959183673469, 0.45561224489795915)"
"(0.8, 0.6)"
"(-0.15833333333333333, 0.7416666666666667)"
"(1.0, 0.3)"
"(0.0, 0.0)"
"(0.25, 0.41666666666666663)"
"(0.36, 0.48)"
"(0.2, 0.3)"
"(-0.037500000000000006, 0.6025)"
"(0.1, 0.44999999999999996)"
"(0.35, 0.575)"
"(-0.5, 0.7)"
"(0.2, 0.2)"
"(0.1361111111111111, 0.4138888888888888)"
"(-0.19583333333333333, 0.4833333333333333)"
"(0.3, 0.52)"
"(0.5, 0.5)"
"(-0.5, 1.0)"
"(0.8, 0.75)"
"(0.15833333333333333, 0.6666666666666666)"
"(0.3, 0.85)"
"(0.19624999999999998, 0.47250000000000003)"
"(-0.06565656565656565, 0.8333333333333334)"
"(0.27555555555555555, 0.6866666666666666)"
"(0.0, 0.0)"
"(0.31666666666666665, 0.5166666666666667)"
"(-0.15625, 0.75)"
"(-0.04166666666666667, 0.6666666666666666)"
"(-0.5, 1.0)"
"(0.5166666666666667, 0.7000000000000001)"
"(0.25, 0.5)"
"(0.47666666666666674, 0.9100000000000001)"
"(-0.07777777777777779, 0.6444444444444445)"
"(0.0, 0.3333333333333333)"
"(0.30000000000000004, 0.6333333333333333)"
"(-0.020333333333333335, 0.4543333333333333)"
"(0.16666666666666666, 0.3333333333333333)"
"(-0.15555555555555559, 0.2888888888888889)"
"(-0.09375, 0.25)"
"(0.0, 0.0)"
"(0.3, 0.3333333333333333)"
"(0.19107142857142861, 0.5946428571428569)"
"(0.1458658008658009, 0.5408928571428573)"
"(0.2414814814814815, 0.5796296296296297)"
"(0.27014652014652013, 0.5097069597069598)"
"(0.5166666666666667, 0.7166666666666667)"
"(0.4674242424242424, 0.634469696969697)"
"(0.19333333333333333, 0.3616666666666667)"
"(0.3125811688311688, 0.5202380952380952)"
"(0.66, 0.7)"
"(0.22824675324675325, 0.6202922077922077)"
"(0.27499999999999997, 0.6)"
"(-0.07833333333333334, 0.5083333333333333)"
"(0.33875, 0.39083333333333337)"
"(0.2333333333333333, 0.3666666666666667)"
"(0.27968750000000003, 0.4421875)"
"(0.3071428571428571, 0.42857142857142866)"
"(0.43, 0.51)"
"(0.5452380952380952, 0.6642857142857144)"
"(0.2, 0.6)"
"(0.25, 0.6944444444444444)"
"(0.625, 0.875)"
"(0.1, 0.55)"
"(0.25, 0.5972222222222222)"
"(-0.0625, 0.6875)"
"(0.625, 0.5)"
"(0.48750000000000004, 0.7375)"
"(0.25833333333333336, 0.55)"
"(0.0014204545454545442, 0.7236111111111111)"
"(0.1451388888888889, 0.42777777777777776)"
"(0.0, 0.0)"
"(0.0, 0.375)"
"(0.5, 0.6333333333333334)"
"(0.2, 0.2)"
"(-0.145, 0.8133333333333332)"
"(0.11666666666666668, 0.2111111111111111)"
"(0.27499999999999997, 0.4)"
"(0.24375, 0.5687500000000001)"
"(0.04999999999999999, 0.85)"
"(-0.125, 0.125)"
"(0.2, 0.75)"
"(0.0625, 0.64)"
"(-0.0763888888888889, 0.34722222222222215)"
"(0.0, 0.0)"
"(0.03333333333333333, 0.43333333333333335)"
"(0.0, 0.0)"
"(-0.0625, 0.42499999999999993)"
"(0.43333333333333335, 0.8333333333333334)"
"(0.0, 0.0)"
"(0.1652164502164502, 0.3584033613445378)"
"(0.26875, 0.41250000000000003)"
"(-0.006666666666666665, 0.31)"
"(0.21256313131313131, 0.5416666666666666)"
"(0.225, 0.9625)"
"(-0.025, 0.2)"
"(0.15000000000000002, 0.45)"
"(0.5125, 0.7375)"
"(0.125, 0.7)"
"(0.0, 1.0)"
"(0.2, 0.3)"
"(-0.5, 1.0)"
"(0.7, 0.35)"
"(0.1611111111111111, 0.45555555555555555)"
"(0.04722222222222222, 0.4583333333333333)"
"(0.46875, 0.46875)"
"(0.3, 0.75)"
"(0.06342592592592591, 0.32962962962962966)"
"(0.48750000000000004, 0.48750000000000004)"
"(-0.017045454545454544, 0.15)"
"(0.06704545454545455, 0.4109848484848485)"
"(0.2222222222222222, 0.6111111111111112)"
"(0.2, 0.25)"
"(0.15000000000000002, 0.35)"
"(0.25625, 0.525)"
"(0.011666666666666667, 0.4716666666666667)"
"(0.0, 0.0)"
"(0.1546560846560846, 0.5247089947089948)"
"(0.4605555555555555, 0.6388888888888888)"
"(0.1, 0.48333333333333334)"
"(0.6, 0.5333333333333333)"
"(0.2715909090909091, 0.5505681818181818)"
"(0.10892857142857142, 0.6059523809523809)"
"(0.25, 0.35)"
"(0.25, 0.3333333333333333)"
"(0.1, 0.35)"
"(-0.009722222222222224, 0.4472222222222222)"
"(0.7, 0.75)"
"(0.0, 0.0)"
"(0.4, 0.35)"
"(0.2843388429752066, 0.5277272727272728)"
"(0.325, 0.575)"
"(0.5526666666666668, 0.65)"
"(0.7, 0.6000000000000001)"
"(0.22499999999999998, 0.5)"
"(0.024242424242424232, 0.33636363636363636)"
"(0.5, 0.6)"
"(0.2225, 0.675)"
"(0.4083333333333334, 0.8333333333333334)"
"(-0.03968253968253968, 0.6904761904761904)"
"(0.5, 0.5)"
"(-0.10833333333333334, 0.6666666666666667)"
"(0.0, 0.3)"
"(0.175, 0.38)"
"(-0.6, 0.9)"
"(0.3583333333333334, 0.4083333333333333)"
"(-0.11666666666666668, 0.4222222222222223)"
"(-0.125, 1.0)"
"(0.26041666666666663, 0.45208333333333334)"
"(0.2166666666666667, 0.6466666666666667)"
"(0.8, 0.75)"
"(0.175, 0.605)"
"(0.6714285714285715, 0.6071428571428571)"
"(0.3333333333333333, 0.41666666666666663)"
"(0.375, 0.4050000000000001)"
"(0.347, 0.648)"
"(0.08522727272727272, 0.4291666666666667)"
"(0.07954545454545453, 0.5522727272727272)"
"(0.30000000000000004, 0.7)"
"(0.4000000000000001, 0.4055555555555556)"
"(0.14791666666666667, 0.3770833333333334)"
"(0.0, 0.0)"
"(0.081024531024531, 0.5204906204906206)"
"(0.16249999999999998, 0.36574074074074076)"
"(0.012499999999999997, 0.38749999999999996)"
"(0.2, 0.3)"
"(0.21979166666666666, 0.6458333333333333)"
"(0.0, 0.1)"
"(0.0, 0.1)"
"(0.7, 0.6000000000000001)"
"(0.4816666666666667, 0.7)"
"(0.075, 0.55)"
"(0.00212500000000001, 0.5391666666666667)"
"(0.33685897435897433, 0.5980769230769231)"
"(0.439728453364817, 0.5647874852420306)"
"(0.28, 0.54)"
"(0.1590909090909091, 0.6166666666666667)"
"(0.2020833333333333, 0.5958333333333333)"
"(0.3499999999999999, 0.6333333333333333)"
"(0.24955357142857143, 0.5035714285714286)"
"(0.03541666666666666, 0.3708333333333333)"
"(-0.16666666666666666, 0.6666666666666666)"
"(0.0, 0.47222222222222215)"
"(0.0, 0.25)"
"(0.35, 0.30000000000000004)"
"(0.24, 0.75)"
"(0.13616161616161618, 0.4486868686868687)"
"(0.6125, 0.9)"
"(0.33458333333333334, 0.8604166666666666)"
"(0.23809523809523814, 0.6342857142857142)"
"(0.2361111111111111, 0.7)"
"(0.46190476190476193, 0.619047619047619)"
"(0.0496875, 0.460625)"
"(0.2833333333333333, 0.4583333333333333)"
"(0.09583333333333333, 0.31666666666666665)"
"(0.1357142857142857, 0.6238095238095239)"
"(0.041666666666666664, 0.3666666666666667)"
"(-0.1, 0.4)"
"(0.275, 0.6)"
"(0.0, 0.0)"
"(0.275, 0.41666666666666663)"
"(0.0, 0.0)"
"(0.5, 0.5333333333333333)"
"(0.16250000000000003, 0.540625)"
"(0.01494444444444445, 0.3585)"
"(0.2244739057239057, 0.5775673400673401)"
"(0.2751587301587302, 0.48103174603174603)"
"(0.27799999999999997, 0.4846666666666667)"
"(0.23541666666666666, 0.5166666666666667)"
"(0.35, 0.55)"
"(0.0, 0.0)"
"(0.20606060606060606, 0.3333333333333333)"
"(0.15769230769230771, 0.4423076923076923)"
"(0.2954545454545454, 0.4681818181818182)"
"(0.14583333333333334, 0.5152777777777778)"
"(0.28125, 0.32708333333333334)"
"(0.8, 0.75)"
"(0.0, 0.1)"
"(0.15625, 0.5)"
"(0.5, 0.5)"
"(-0.09999999999999992, 0.5833333333333333)"
"(0.19166666666666665, 0.26666666666666666)"
"(0.25, 0.8)"
"(0.175, 0.275)"
"(-0.15454545454545454, 0.6090909090909091)"
"(0.3191666666666666, 0.6944444444444444)"
"(0.12936507936507938, 0.5412698412698413)"
"(0.25416666666666665, 0.4000000000000001)"
"(0.1875, 0.375)"
"(-0.0625, 0.125)"
"(-0.3, 0.9)"
"(0.5750000000000001, 0.5583333333333333)"
"(0.25416666666666665, 0.6458333333333333)"
"(-0.012500000000000011, 0.6)"
"(0.8875000000000001, 0.875)"
"(0.65, 0.675)"
"(0.0, 0.0)"
"(0.0, 0.0)"
"(0.4975, 0.5066666666666667)"
"(0.23376623376623376, 0.564935064935065)"
"(-0.17916666666666667, 0.5416666666666666)"
"(-0.057390228818800244, 0.7694557823129252)"
"(0.12685714285714286, 0.7077142857142857)"
"(0.30933333333333335, 0.6566666666666667)"
"(0.0, 0.0)"
"(0.35, 0.375)"
"(0.38571428571428573, 0.6880952380952381)"
"(0.002777777777777768, 0.48055555555555557)"
"(0.0, 0.0)"
"(0.3666666666666667, 0.43333333333333335)"
"(0.09038461538461538, 0.31923076923076926)"
"(-0.19791666666666669, 0.6354166666666666)"
"(0.3123469387755101, 0.6704081632653062)"
"(0.23083333333333333, 0.49472222222222223)"
"(0.2857142857142857, 0.6295918367346938)"
"(0.07916666666666665, 0.5177083333333333)"
"(0.07999999999999999, 0.36)"
"(-0.2125, 0.65)"
"(0.17777777777777778, 0.25555555555555554)"
"(-0.009999999999999986, 0.6399999999999999)"
"(0.04999999999999999, 0.625)"
"(-0.09, 0.6799999999999999)"
"(0.09285714285714286, 0.43428571428571433)"
"(0.002083333333333335, 0.4166666666666667)"
"(0.515, 0.65)"
"(-0.45, 1.0)"
"(0.07466666666666665, 0.29933333333333334)"
"(0.01472222222222222, 0.49027777777777776)"
"(0.35555555555555557, 0.38611111111111107)"
"(0.23703703703703705, 0.42592592592592593)"
"(0.3761904761904762, 0.4433862433862434)"
"(0.5052083333333334, 0.7458333333333333)"
"(0.625, 0.6599999999999999)"
"(0.13636363636363635, 0.5)"
"(0.12195616883116883, 0.5093614718614718)"
"(0.3333333333333333, 0.3)"
"(0.05333333333333334, 0.4466666666666666)"
"(0.1802777777777778, 0.37388888888888894)"
"(-0.30333333333333334, 0.6283333333333334)"
"(0.2067948717948718, 0.4974358974358974)"
"(-0.005208333333333329, 0.6322916666666667)"
"(0.16666666666666666, 0.7000000000000001)"
"(0.0, 0.0)"
"(0.11111111111111112, 0.5)"
"(0.2, 0.6)"
"(0.25496810207336523, 0.5264035087719299)"
"(0.19, 0.26999999999999996)"
"(0.12833333333333333, 0.36333333333333334)"
"(0.2, 0.7166666666666667)"
"(0.10595238095238095, 0.5166666666666667)"
"(0.8, 1.0)"
"(-0.030769230769230767, 0.2726923076923077)"
"(0.27315340909090907, 0.5480113636363637)"
"(0.625, 0.65)"
"(0.2, 0.3)"
"(0.23000000000000004, 0.5108333333333334)"
"(0.6, 0.65)"
"(0.4666666666666666, 0.6222222222222222)"
"(0.06818181818181818, 0.5)"
"(0.7, 0.9)"
"(-0.06818181818181818, 0.5)"
"(0.025, 0.32166666666666666)"
"(0.49000000000000005, 0.62)"
"(-0.48690476190476184, 0.7026190476190476)"
"(0.2625, 0.5287499999999999)"
"(0.06071428571428572, 0.5035714285714287)"
"(0.14333333333333334, 0.38666666666666666)"
"(0.4333333333333333, 0.8666666666666667)"
"(0.2945075757575758, 0.5645833333333333)"
"(-0.04464285714285714, 0.47095238095238096)"
"(0.484090909090909, 0.725)"
"(0.31547619047619047, 0.6680952380952381)"
"(0.12397495361781075, 0.5334693877551021)"
"(-0.030483405483405484, 0.6578463203463203)"
"(0.36115702479338846, 0.5424242424242425)"
"(0.6, 0.7999999999999999)"
"(0.5, 0.5)"
"(-0.003703703703703697, 0.6925925925925926)"
"(0.19166666666666665, 0.39999999999999997)"
"(0.04166666666666666, 0.13333333333333333)"
"(0.24227272727272728, 0.58)"
"(0.026190476190476177, 0.5809523809523809)"
"(0.24583333333333335, 0.503125)"
"(-0.09722222222222222, 0.38888888888888884)"
"(0.2753809523809524, 0.4204761904761905)"
"(0.2357142857142857, 0.4698412698412699)"
"(0.30227272727272725, 0.48590909090909096)"
"(0.16666666666666666, 0.3666666666666667)"
"(0.0, 0.125)"
"(0.4295454545454546, 0.6477272727272727)"
"(0.22166666666666668, 0.61)"
"(0.027777777777777776, 0.5363247863247864)"
"(0.4375, 0.48124999999999996)"
"(0.040277777777777767, 0.397542735042735)"
"(0.27785714285714286, 0.6535714285714286)"
"(-0.3666666666666667, 0.9500000000000001)"
"(0.2044642857142857, 0.4669642857142858)"
"(0.3287878787878788, 0.8333333333333334)"
"(-0.08928571428571427, 0.14285714285714285)"
"(-0.014583333333333337, 0.4770833333333333)"
"(-0.08333333333333333, 0.13333333333333333)"
"(0.6875, 0.55)"
"(0.037142857142857144, 0.5485714285714285)"
"(0.3, 0.3333333333333333)"
"(0.21428571428571427, 0.5714285714285714)"
"(0.0, 0.0)"
"(0.275, 0.3534722222222222)"
"(0.11458333333333333, 0.36041666666666666)"
"(0.0, 0.05)"
"(0.7, 0.6000000000000001)"
"(0.225, 0.6599999999999999)"
"(0.08680555555555555, 0.5465277777777777)"
"(0.0, 0.7)"
"(0.07272727272727274, 0.562878787878788)"
"(-0.016666666666666663, 0.8333333333333334)"
"(0.04, 0.42428571428571427)"
"(0.2096590909090909, 0.5827651515151515)"
"(0.3333333333333333, 0.6666666666666666)"
"(0.4597222222222222, 0.5194444444444444)"
"(1.0, 1.0)"
"(0.07878787878787878, 0.5499999999999999)"
"(0.35000000000000003, 0.37857142857142856)"
"(0.44166666666666665, 0.7272727272727273)"
"(0.22797619047619047, 0.6892857142857143)"
"(1.0, 0.3)"
"(0.6, 0.6000000000000001)"
"(0.1125, 0.20625)"
"(0.175, 0.6799999999999999)"
"(0.37222222222222223, 0.6805555555555557)"
"(0.25, 0.6375)"
"(0.11499999999999999, 0.29583333333333334)"
"(0.2780952380952381, 0.661904761904762)"
"(0.26666666666666666, 0.6166666666666667)"
"(0.3072916666666667, 0.6083333333333334)"
"(-0.07999999999999999, 0.48)"
"(0.25, 0.5333333333333333)"
"(0.03148148148148149, 0.4513888888888889)"
"(-0.13124999999999998, 0.7)"
"(0.13869047619047617, 0.4891865079365079)"
"(0.2904761904761905, 0.6328042328042328)"
"(0.2427777777777778, 0.6472222222222221)"
"(0.20625, 0.43750000000000006)"
"(-0.03333333333333335, 0.7999999999999999)"
"(0.0, 0.0)"
"(0.85, 0.8)"
"(-0.0475, 0.4600000000000001)"
"(0.7166666666666667, 0.9166666666666667)"
"(0.03888888888888889, 0.5055555555555555)"
"(0.06103896103896104, 0.5874458874458874)"
"(0.25, 0.41666666666666663)"
"(0.375, 0.45)"
"(0.20303030303030303, 0.5242424242424243)"
"(0.1709714285714286, 0.4934095238095238)"
"(-0.2916666666666667, 0.5416666666666666)"
"(0.2, 0.4)"
"(0.377962962962963, 0.5970370370370371)"
"(0.03, 0.4581632653061224)"
"(0.17944083694083693, 0.3966738816738817)"
"(0.25, 0.75)"
"(0.27155122655122654, 0.4985569985569986)"
"(0.32, 0.38)"
"(0.4000000000000001, 0.3833333333333333)"
"(0.1875, 0.3125)"
"(0.30654761904761907, 0.569047619047619)"
"(0.2546875, 0.4375)"
"(0.27172619047619045, 0.3758928571428572)"
"(0.18692307692307691, 0.652051282051282)"
"(0.3137052341597796, 0.6106749311294766)"
"(0.40925925925925927, 0.5462962962962964)"
"(0.010227272727272724, 0.40138888888888885)"
"(0.5390625, 0.55)"
"(0.31333333333333335, 0.45999999999999996)"
"(0.0, 0.06666666666666667)"
"(0.49333333333333335, 0.5766666666666667)"
"(0.1826530612244898, 0.5591836734693878)"
"(0.15625, 0.5479166666666667)"
"(0.43333333333333335, 0.8333333333333334)"
"(-0.033333333333333326, 0.4833333333333334)"
"(0.2333333333333333, 0.20000000000000004)"
"(0.0625, 0.30625)"
"(0.5, 0.8888888888888888)"
"(0.6, 0.3666666666666667)"
"(0.1125, 0.4708333333333333)"
"(0.1888888888888889, 0.5)"
"(0.23333333333333334, 0.7766666666666666)"
"(-0.6, 0.6666666666666666)"
"(-0.14305555555555557, 0.6036111111111111)"
"(0.22232142857142853, 0.6839285714285716)"
"(0.10694444444444444, 0.5305555555555556)"
"(0.2175, 0.76)"
"(0.14517045454545455, 0.48437500000000006)"
"(0.21743970315398883, 0.5479591836734693)"
"(0.13624999999999998, 0.42000000000000004)"
"(0.10083333333333333, 0.49416666666666664)"
"(0.465, 0.77)"
"(0.2333333333333333, 0.2333333333333333)"
"(0.0, 0.0)"
"(0.042499999999999996, 0.4600000000000001)"
"(0.28125, 0.5)"
"(0.3444444444444444, 0.5111111111111112)"
"(0.7, 0.6000000000000001)"
"(0.25, 0.35000000000000003)"
"(0.575, 0.575)"
"(0.35, 0.55)"
"(0.315, 0.75)"
"(-0.171875, 0.775)"
"(0.18166666666666667, 0.5904166666666666)"
"(0.08809523809523813, 0.43809523809523804)"
"(1.0, 1.0)"
"(-0.3927083333333333, 0.5864583333333333)"
"(0.03174603174603175, 0.7142857142857142)"
"(0.04404761904761905, 0.41904761904761906)"
"(0.2611268939393939, 0.4773674242424242)"
"(0.12976190476190474, 0.5952380952380952)"
"(0.1476190476190476, 0.3880952380952381)"
"(0.296875, 0.684375)"
"(-0.08416666666666665, 0.5666666666666667)"
"(0.09404761904761905, 0.4802380952380952)"
"(0.16666666666666666, 0.576388888888889)"
"(0.05416666666666667, 0.45069444444444445)"
"(0.1, 0.2)"
"(0.32166666666666666, 0.7533333333333333)"
"(0.3083333333333334, 0.4375)"
"(0.0, 0.0)"
"(0.32916666666666666, 0.5833333333333334)"
"(0.0333333333333334, 0.5222222222222221)"
"(-0.016666666666666663, 0.28611111111111115)"
"(-0.1119047619047619, 0.5404761904761904)"
"(0.5, 0.5)"
"(0.7000000000000001, 0.7333333333333334)"
"(0.8, 0.75)"
"(0.3375, 0.5625)"
"(0.00561224489795918, 0.5107993197278912)"
"(0.2693452380952381, 0.6172619047619047)"
"(0.2916666666666667, 0.6416666666666666)"
"(0.2666666666666667, 0.4722222222222222)"
"(0.12428571428571429, 0.6142857142857144)"
"(0.430952380952381, 0.5726190476190476)"
"(0.4291666666666667, 0.6439814814814815)"
"(0.9099999999999999, 0.7800000000000001)"
"(0.28125, 0.5833333333333333)"
"(0.3375, 0.6499999999999999)"
"(0.12, 0.5066666666666666)"
"(0.25833333333333336, 0.5833333333333334)"
"(0.0, 0.0)"
"(0.5, 0.6642857142857144)"
"(0.21666666666666667, 0.4166666666666667)"
"(0.12333333333333334, 0.6466666666666666)"
"(0.19624999999999998, 0.48583333333333334)"
"(0.48750000000000004, 0.48750000000000004)"
"(0.6000000000000001, 0.9)"
"(0.30000000000000004, 0.5)"
"(0.17916666666666667, 0.48333333333333334)"
"(0.23611111111111113, 0.36944444444444446)"
"(0.11944444444444445, 0.36944444444444446)"
"(0.24444444444444446, 0.75)"
"(0.20833333333333334, 0.3611111111111111)"
"(0.0, 0.0)"
"(0.7, 0.85)"
"(0.5, 0.6)"
"(0.3333333333333333, 0.41666666666666663)"
"(0.0, 0.25)"
"(-0.0625, 0.1875)"
"(0.4583333333333333, 0.6333333333333334)"
"(0.40909090909090906, 0.525)"
"(0.325, 0.5416666666666667)"
"(0.62, 0.69)"
"(-0.07738095238095236, 0.5964285714285714)"
"(-0.08809523809523812, 0.36190476190476195)"
"(-0.03318070818070818, 0.5052503052503053)"
"(0.14375, 0.32708333333333334)"
"(0.21597222222222223, 0.5055555555555556)"
"(0.18729166666666666, 0.4922916666666667)"
"(0.11666666666666665, 0.5666666666666667)"
"(0.30000000000000004, 0.35)"
"(0.09166666666666667, 0.5041666666666667)"
"(0.5375, 0.48750000000000004)"
"(0.08333333333333337, 0.7555555555555555)"
"(0.3416666666666667, 0.9166666666666667)"
"(-0.25, 0.25)"
"(0.21749999999999997, 0.43)"
"(-0.07500000000000001, 0.8)"
"(0.1875, 0.4375)"
"(0.0, 0.0)"
"(0.049999999999999996, 0.58125)"
"(-0.13699776785714285, 0.7107142857142856)"
"(-0.075, 0.75)"
"(0.1568181818181818, 0.6174242424242423)"
"(0.2558796296296297, 0.5040740740740741)"
"(0.08214285714285714, 0.37423280423280425)"
"(-0.25, 1.0)"
"(0.55, 0.8944444444444444)"
"(0.2785714285714286, 0.6357142857142856)"
"(-0.03194444444444444, 0.6)"
"(0.25555555555555554, 0.42500000000000004)"
"(0.25, 0.65)"
"(-0.05573593073593074, 0.5952380952380952)"
"(-0.06055555555555556, 0.6615079365079366)"
"(0.275, 0.6541666666666667)"
"(0.7366666666666667, 0.7600000000000001)"
"(0.40277777777777773, 0.6805555555555555)"
"(-0.23749999999999996, 0.8441666666666665)"
"(0.18571428571428572, 0.39142857142857146)"
"(0.17575757575757575, 0.45151515151515154)"
"(-0.13333333333333333, 0.7916666666666666)"
"(0.375, 0.4916666666666667)"
"(-0.16071428571428573, 0.5928571428571429)"
"(0.36375, 0.5900000000000001)"
"(0.06875, 0.6258928571428571)"
"(0.18253968253968256, 0.49206349206349204)"
"(0.18035714285714283, 0.5785714285714285)"
"(0.25999999999999995, 0.6)"
"(-0.09999999999999999, 0.2)"
"(-0.012500000000000002, 0.3666666666666667)"
"(0.06541666666666668, 0.5413888888888888)"
"(-0.2, 0.1)"
"(0.101, 0.531)"
"(0.030718954248366008, 0.47950513538748835)"
"(0.26515151515151514, 0.5583333333333333)"
"(0.0, 0.0)"
"(0.45, 0.6666666666666666)"
"(0.2333333333333333, 0.7857142857142857)"
"(0.5, 0.625)"
"(-0.1208333333333333, 0.6428571428571429)"
"(0.5666666666666668, 0.6333333333333333)"
"(0.75, 0.75)"
"(0.25500000000000006, 0.5816666666666667)"
"(-0.051290376290376284, 0.4660422910422911)"
"(0.26333333333333336, 0.6304166666666667)"
"(0.03318070818070818, 0.4489621489621489)"
"(0.48, 0.53)"
"(-0.04285714285714286, 0.39999999999999997)"
"(0.1357142857142857, 0.32142857142857145)"
"(0.2123931623931624, 0.3196581196581197)"
"(0.1, 0.65)"
"(0.5025000000000001, 0.6433333333333334)"
"(-0.1, 0.2)"
"(0.2136363636363636, 0.5636363636363636)"
"(0.1142857142857143, 0.45714285714285713)"
"(0.4666666666666666, 0.6)"
"(0.17734375, 0.58125)"
"(0.39788461538461534, 0.45230769230769236)"
"(3.532527805625498e-17, 0.5227272727272727)"
"(0.17361111111111113, 0.5986111111111111)"
"(0.16354166666666664, 0.5333333333333333)"
"(0.0, 0.0)"
"(0.0, 1.0)"
"(0.30714285714285716, 0.41428571428571426)"
"(0.5, 0.75)"
"(0.1491798941798942, 0.5353968253968254)"
"(0.31863636363636366, 0.5776767676767677)"
"(0.25, 0.635)"
"(0.09166666666666667, 0.425)"
"(0.3171875, 0.765625)"
"(-1.0, 1.0)"
"(-0.13333333333333333, 0.3666666666666667)"
"(0.3988095238095238, 0.5392857142857144)"
"(-0.11666666666666665, 0.5833333333333334)"
"(0.25, 0.44999999999999996)"
"(0.19999999999999998, 0.6398148148148148)"
"(0.3666666666666667, 0.2333333333333333)"
"(0.175, 0.375)"
"(0.08928571428571429, 0.6571428571428571)"
"(0.38333333333333336, 0.7083333333333334)"
"(0.415625, 0.575)"
"(0.28727272727272724, 0.4709090909090909)"
"(0.3, 0.575)"
"(0.0, 0.0)"
"(0.08125, 0.38125)"
"(0.6333333333333334, 0.5666666666666667)"
"(0.0, 0.0)"
"(0.03125, 0.5)"
"(0.24375, 0.5888888888888889)"
"(0.29333333333333333, 0.4855555555555556)"
"(0.371875, 0.6321428571428571)"
"(0.5, 0.5)"
"(0.2222222222222222, 0.38888888888888884)"
"(-0.14583333333333331, 0.35)"
"(0.3110714285714286, 0.5857142857142856)"
"(0.5071428571428571, 0.8428571428571429)"
"(0.4183333333333333, 0.49666666666666676)"
"(0.26249999999999996, 0.61875)"
"(0.3125, 0.5416666666666666)"
"(0.17500000000000002, 0.6083333333333333)"
"(0.0, 0.0)"
"(0.25, 0.5)"
"(0.10681818181818181, 0.7048484848484847)"
"(0.20125, 0.6866666666666666)"
"(0.125, 0.39999999999999997)"
"(0.625, 0.5)"
"(0.24375, 0.44375)"
"(0.0, 0.0)"
"(0.30476190476190473, 0.5682539682539683)"
"(0.0, 0.0)"
"(0.24375000000000002, 0.325)"
"(0.7, 0.6000000000000001)"
"(0.25, 0.3125)"
"(0.4321428571428571, 0.5471428571428572)"
"(0.3232323232323232, 0.5)"
"(-0.2821759259259259, 0.5722222222222222)"
"(0.24166666666666664, 0.6083333333333333)"
"(0.275, 0.4125)"
"(0.2662337662337662, 0.5081890331890331)"
"(0.5291666666666667, 0.8166666666666667)"
"(0.11666666666666667, 0.18333333333333332)"
"(0.3333333333333333, 1.0)"
"(0.4681818181818182, 0.6022727272727273)"
"(0.0921626984126984, 0.498015873015873)"
"(0.2891975308641975, 0.4842592592592593)"
"(-0.08333333333333333, 0.16666666666666666)"
"(0.45, 0.45)"
"(0.28616071428571427, 0.5754464285714285)"
"(0.10833333333333334, 0.525)"
"(0.2714285714285714, 0.4642857142857143)"
"(0.125, 0.425)"
"(0.34375, 0.48125)"
"(0.4375, 0.675)"
"(0.013636363636363624, 0.7818181818181817)"
"(0.18333333333333335, 0.55)"
"(0.08392857142857142, 0.7339285714285714)"
"(0.3007575757575757, 0.5333333333333333)"
"(0.25625, 0.62)"
"(0.20000000000000004, 0.3666666666666667)"
"(0.3444444444444444, 0.43333333333333335)"
"(0.44333333333333336, 0.7050000000000001)"
"(0.375, 0.4916666666666667)"
"(0.37083333333333335, 0.509375)"
"(0.32, 0.45999999999999996)"
"(0.5, 0.5)"
"(-0.17307692307692307, 0.5961538461538461)"
"(0.05833333333333335, 0.7666666666666666)"
"(0.58, 0.61)"
"(0.1875, 0.4)"
"(0.0, 0.6)"
"(0.4454545454545455, 0.65)"
"(-0.05277777777777779, 0.5916666666666667)"
"(0.13146020646020642, 0.5826756576756578)"
"(0.225, 0.41904761904761906)"
"(-0.1, 0.2)"
"(0.0, 0.0)"
"(0.4, 0.6)"
"(0.07395833333333333, 0.7583333333333333)"
"(0.18666666666666662, 0.7766666666666667)"
"(0.0, 0.6)"
"(0.025, 0.175)"
"(0.25277777777777777, 0.5555555555555555)"
"(0.225, 0.6)"
"(0.3596153846153846, 0.5192307692307692)"
"(0.6833333333333332, 0.75)"
"(0.49015151515151517, 0.5833333333333334)"
"(-0.5, 1.0)"
"(0.07336309523809524, 0.2918154761904762)"
"(0.043333333333333314, 0.4966666666666667)"
"(0.2277777777777778, 0.4972222222222223)"
"(0.09999999999999999, 0.19999999999999998)"
"(0.1275793650793651, 0.4373015873015873)"
"(0.3635, 0.43486538461538465)"
"(0.25873015873015875, 0.41005291005291006)"
"(0.05000000000000001, 0.25)"
"(0.0, 0.4166666666666667)"
"(0.1375, 0.27499999999999997)"
"(0.562142857142857, 0.6042857142857143)"
"(0.503125, 0.875)"
"(-0.08333333333333333, 0.2833333333333333)"
"(0.75, 0.75)"
"(0.11875, 0.45)"
"(0.3333333333333333, 0.4404761904761905)"
"(0.25, 0.5499999999999999)"
"(0.16499999999999998, 0.4650000000000001)"
"(0.2125, 0.3)"
"(0.225, 0.6)"
"(0.225, 0.7)"
"(0.20208333333333334, 0.5354166666666667)"
"(0.0, 0.0)"
"(0.125, 0.65)"
"(0.44166666666666665, 0.7916666666666666)"
"(0.32414965986394556, 0.7384353741496598)"
"(0.46333333333333326, 0.5950000000000001)"
"(-0.16666666666666666, 0.5833333333333333)"
"(0.27314814814814814, 0.3907407407407408)"
"(0.35, 0.4)"
"(0.19047619047619047, 0.3761904761904762)"
"(-0.08333333333333333, 0.21666666666666667)"
"(0.1698642266824085, 0.3900236127508855)"
"(0.3012626262626263, 0.4388888888888889)"
"(0.39848484848484855, 0.45185185185185184)"
"(0.26587301587301587, 0.6031746031746033)"
"(0.125, 0.4166666666666667)"
"(-0.2511904761904762, 0.8357142857142857)"
"(0.12001763668430335, 0.44995590828924165)"
"(0.171875, 0.6166666666666668)"
"(0.27875, 0.5937500000000001)"
"(0.2261904761904762, 0.6825396825396824)"
"(0.13749999999999998, 0.6)"
"(0.26666666666666666, 0.31666666666666665)"
"(0.15606060606060607, 0.6499999999999999)"
"(0.14764309764309766, 0.4245791245791246)"
"(0.19882154882154882, 0.4528619528619529)"
"(0.2926767676767677, 0.4824074074074074)"
"(0.1734848484848485, 0.6172839506172839)"
"(0.3, 0.3)"
"(0.7399999999999999, 0.7866666666666667)"
"(0.041666666666666685, 0.8625)"
"(0.29058333333333336, 0.6633333333333333)"
"(0.26659090909090905, 0.5066666666666666)"
"(0.4666666666666666, 0.5333333333333333)"
"(0.27097902097902093, 0.5499999999999999)"
"(-0.09999999999999996, 0.7000000000000001)"
"(0.36037414965986386, 0.6773809523809524)"
"(0.301, 0.45)"
"(0.23833333333333337, 0.5487698412698412)"
"(-0.04380952380952382, 0.4545238095238096)"
"(0.34285714285714286, 0.5571428571428572)"
"(-0.08999999999999994, 0.9133333333333333)"
"(0.2714285714285714, 0.37142857142857144)"
"(0.24242424242424243, 0.334469696969697)"
"(0.07500000000000001, 0.35)"
"(0.3666666666666667, 0.9)"
"(0.5625, 0.5722222222222222)"
"(0.42727272727272725, 0.38)"
"(-0.02596088435374148, 0.5355272108843537)"
"(0.17222222222222222, 0.3944444444444445)"
"(0.2, 0.75)"
"(0.35357142857142854, 0.48571428571428577)"
"(0.955, 0.54)"
"(0.2988888888888889, 0.6177777777777779)"
"(0.1875, 0.4375)"
"(0.20104166666666667, 0.6666666666666667)"
"(0.259375, 0.575)"
"(0.5375, 0.825)"
"(0.3979166666666667, 0.6333333333333334)"
"(-0.05285714285714286, 0.41428571428571426)"
"(-0.06875, 0.45)"
"(0.13333333333333333, 0.3666666666666667)"
"(0.32321428571428573, 0.6505952380952381)"
"(0.41999999999999993, 0.27999999999999997)"
"(-0.0336734693877551, 0.4489795918367347)"
"(0.5, 1.0)"
"(-0.024999999999999994, 0.575)"
"(0.5499999999999999, 0.6041666666666666)"
"(0.325, 0.3791666666666667)"
"(0.30000000000000004, 0.55)"
"(-0.006666666666666654, 0.6733333333333333)"
"(0.16666666666666666, 0.6666666666666666)"
"(0.0, 1.0)"
"(0.6333333333333333, 0.2333333333333333)"
"(-0.15972222222222224, 0.5138888888888888)"
"(0.1375, 0.4125)"
"(0.0, 0.0)"
"(0.05, 1.0)"
"(0.28, 0.44000000000000006)"
"(0.12000000000000002, 0.3566666666666667)"
"(0.14583333333333334, 0.2916666666666667)"
"(-0.06499999999999999, 0.33499999999999996)"
"(0.29583333333333334, 0.48333333333333334)"
"(0.309375, 0.40625)"
"(0.20833333333333334, 0.5972222222222222)"
"(0.4044642857142857, 0.3294642857142857)"
"(0.15, 0.255)"
"(0.22285714285714286, 0.5942857142857143)"
"(-0.03888888888888886, 0.6055555555555555)"
"(-0.07833333333333331, 0.89)"
"(0.39940476190476193, 0.6785714285714286)"
"(0.08, 0.61)"
"(-0.04999999999999999, 0.6000000000000001)"
"(-0.14277777777777778, 0.5016666666666667)"
"(0.16666666666666666, 0.5666666666666668)"
"(0.39999999999999997, 0.5)"
"(0.37972027972027966, 0.5272727272727272)"
"(0.54, 0.6)"
"(0.5, 0.3)"
"(0.5, 0.5)"
"(0.24166666666666664, 0.475)"
"(0.09999999999999999, 0.4571428571428572)"
"(-0.032539682539682535, 0.4492063492063492)"
"(0.35555555555555557, 0.5083333333333334)"
"(0.23333333333333334, 0.5583333333333333)"
"(0.0028741496598639416, 0.7669387755102041)"
"(0.35714285714285715, 0.3821428571428571)"
"(-0.05416666666666667, 0.9583333333333334)"
"(0.38061224489795914, 0.48265306122448987)"
"(0.156, 0.45899999999999996)"
"(-0.016250000000000004, 0.5129166666666667)"
"(0.2953512396694215, 0.375)"
"(0.5264204545454546, 0.4568181818181818)"
"(0.37533333333333335, 0.5746666666666667)"
"(0.010555555555555568, 0.5894444444444443)"
"(0.08125, 0.6444444444444445)"
"(0.20551020408163265, 0.45292517006802724)"
"(0.5541666666666666, 0.6791666666666666)"
"(0.34375, 0.625)"
"(-0.062962962962963, 0.8277777777777778)"
"(0.5800000000000001, 0.55)"
"(0.23611111111111108, 0.6138888888888888)"
"(0.09166666666666666, 0.3297619047619048)"
"(0.21833333333333335, 0.3516666666666667)"
"(0.17777777777777778, 0.5680555555555556)"
"(0.3645833333333333, 0.4979166666666666)"
"(0.020000000000000004, 0.42538461538461536)"
"(0.2488888888888889, 0.6122222222222223)"
"(-0.08571428571428573, 0.42527472527472526)"
"(0.07666666666666667, 0.2566666666666667)"
"(0.046875, 0.33035714285714285)"
"(0.13, 0.5599999999999999)"
"(0.18295454545454545, 0.5958333333333333)"
"(-0.049999999999999996, 0.5)"
"(0.3365702479338843, 0.44352617079889806)"
"(0.08749999999999998, 0.44166666666666665)"
"(0.16250000000000003, 0.5)"
"(0.18112874779541446, 0.5916225749559083)"
"(0.46704545454545454, 0.6916666666666667)"
"(0.8, 0.75)"
"(0.2642857142857143, 0.5857142857142856)"
"(0.19074074074074077, 0.48148148148148157)"
"(0.19166666666666668, 0.39999999999999997)"
"(0.055746753246753225, 0.4742857142857143)"
"(0.2448809523809524, 0.40726190476190477)"
"(0.075, 0.3166666666666667)"
"(0.25999999999999995, 0.4571428571428572)"
"(0.5449999999999999, 0.65)"
"(0.21250000000000002, 0.36874999999999997)"
"(0.02, 0.76)"
"(0.39375, 0.7625000000000001)"
"(0.10035714285714285, 0.5417857142857143)"
"(0.375, 0.425)"
"(0.5125000000000001, 0.75)"
"(0.30000000000000004, 0.3041666666666667)"
"(0.3404761904761905, 0.4857142857142857)"
"(0.3489583333333333, 0.746875)"
"(0.06979166666666667, 0.3729166666666666)"
"(0.5078512396694215, 0.6545454545454545)"
"(0.25, 1.0)"
"(0.25, 0.75)"
"(0.31, 0.7)"
"(-0.017857142857142863, 0.4107142857142857)"
"(0.5875, 0.575)"
"(0.5458333333333333, 0.6916666666666668)"
"(0.29324218750000003, 0.4013888888888889)"
"(0.0958333333333334, 0.7222222222222222)"
"(0.30833333333333335, 0.5833333333333334)"
"(0.28363636363636363, 0.41666666666666663)"
"(0.1875, 0.45000000000000007)"
"(0.008124999999999993, 0.7150000000000001)"
"(0.3952380952380952, 0.5202380952380952)"
"(0.06000000000000001, 0.36000000000000004)"
"(0.0875, 0.37500000000000006)"
"(0.28020833333333334, 0.4583333333333333)"
"(0.22916666666666666, 0.3416666666666667)"
"(0.2212962962962963, 0.5898148148148149)"
"(0.22291666666666674, 0.6208333333333333)"
"(0.0, 0.7333333333333334)"
"(0.09227272727272727, 0.36257575757575755)"
"(0.15, 0.5349999999999999)"
"(-0.78, 1.0)"
"(0.0025000000000000022, 0.235)"
"(0.3333333333333333, 0.5666666666666668)"
"(0.43333333333333335, 0.46666666666666673)"
"(0.4396103896103896, 0.45000000000000007)"
"(0.39285714285714285, 0.5452380952380952)"
"(0.16180555555555556, 0.40661375661375665)"
"(0.265625, 0.7)"
"(0.38083333333333336, 0.6591666666666667)"
"(-0.25555555555555554, 0.5666666666666667)"
"(0.15, 0.275)"
"(0.27499999999999997, 0.4166666666666667)"
"(-0.15625, 0.33303571428571427)"
"(0.11416666666666665, 0.36916666666666664)"
"(0.1994107744107744, 0.5851851851851851)"
"(0.11187500000000002, 0.545)"
"(-0.18333333333333335, 0.3833333333333333)"
"(0.18333333333333335, 0.36666666666666664)"
"(0.2638180272108844, 0.540561224489796)"
"(0.3287878787878788, 0.48484848484848486)"
"(-0.019166666666666672, 0.5041666666666667)"
"(0.24642857142857139, 0.46761904761904755)"
"(0.1680555555555555, 0.6124999999999999)"
"(0.575, 0.3875)"
"(0.44375, 0.4916666666666667)"
"(0.446875, 0.528125)"
"(0.1757142857142857, 0.6)"
"(0.44545454545454544, 0.6690909090909091)"
"(0.24265151515151512, 0.4556902356902357)"
"(0.3666666666666667, 0.5414965986394558)"
"(0.4, 0.675)"
"(0.43333333333333335, 0.5499999999999999)"
"(-0.06052910052910053, 0.5829100529100529)"
"(0.2, 0.3)"
"(0.1285714285714286, 0.2928571428571428)"
"(0.3095238095238095, 0.4714285714285714)"
"(0.3833333333333333, 0.35000000000000003)"
"(0.2523809523809524, 0.6610119047619047)"
"(-0.017968750000000006, 0.23669871794871794)"
"(-0.1286324786324786, 0.5094017094017095)"
"(-0.12760141093474425, 0.2898521231854565)"
"(-0.012499999999999997, 0.2833333333333333)"
"(0.16666666666666666, 0.5766666666666668)"
"(0.0, 0.4666666666666667)"
"(0.18229166666666666, 0.40625)"
"(0.1353030303030303, 0.3987878787878788)"
"(0.8, 0.75)"
"(0.6333333333333334, 0.7166666666666667)"
"(0.17142857142857143, 0.4714285714285715)"
"(0.49368055555555557, 0.6486111111111111)"
"(-0.10833333333333334, 0.5031249999999999)"
"(0.6000000000000001, 0.7166666666666667)"
"(0.2761904761904762, 0.34523809523809523)"
"(0.3378787878787879, 0.5325757575757576)"
"(-0.03888888888888888, 0.7444444444444445)"
"(-0.2227777777777778, 0.5016666666666667)"
"(-0.26523809523809516, 0.43880952380952376)"
"(0.1281539888682746, 0.551530612244898)"
"(0.0875, 0.45480158730158726)"
"(0.19583333333333333, 0.3881410256410256)"
"(0.20416666666666666, 0.43749999999999994)"
"(0.2, 0.2)"
"(-0.07383838383838384, 0.5277777777777779)"
"(0.375, 0.625)"
"(0.32999999999999996, 0.6166666666666667)"
"(0.45, 0.5)"
"(-0.10833333333333334, 0.6)"
"(0.195, 0.45499999999999996)"
"(-0.1875, 0.5)"
"(0.45, 0.475)"
"(0.23680555555555552, 0.5840277777777777)"
"(0.38333333333333336, 0.6833333333333332)"
"(0.3325, 0.6599999999999999)"
"(0.30833333333333335, 0.35833333333333334)"
"(0.2533333333333333, 0.42666666666666664)"
"(-0.057575757575757586, 0.4271780303030303)"
"(0.20862794612794613, 0.45185185185185195)"
"(0.06388888888888888, 0.3236111111111111)"
"(0.1, 1.0)"
"(0.07049319727891155, 0.48741496598639455)"
"(0.4000000000000001, 0.7666666666666666)"
"(0.7604166666666666, 0.8333333333333334)"
"(0.17555555555555555, 0.47111111111111115)"
"(0.49916666666666665, 0.715)"
"(0.10875000000000001, 0.6841666666666668)"
"(0.1938762626262626, 0.5717592592592592)"
"(0.11354166666666668, 0.43999999999999995)"
"(-0.18541666666666667, 0.7458333333333333)"
"(-0.03166666666666666, 0.41500000000000004)"
"(0.09642857142857143, 0.4428571428571429)"
"(0.7, 0.95)"
"(0.3463541666666667, 0.5416666666666666)"
"(0.04999999999999999, 0.65)"
"(0.21666666666666667, 0.5833333333333333)"
"(0.9, 0.875)"
"(0.20000000000000004, 0.45)"
"(0.125, 0.6166666666666667)"
"(0.35000000000000003, 0.47115384615384626)"
"(0.2875, 0.5375)"
"(0.23333333333333334, 0.6208333333333333)"
"(0.24, 0.42666666666666664)"
"(0.20833333333333334, 0.6124999999999999)"
"(0.20138888888888887, 0.5611111111111111)"
"(0.2222222222222222, 0.6444444444444445)"
"(0.41, 0.4)"
"(0.2, 0.4)"
"(0.10000000000000005, 0.5733333333333334)"
"(-0.07569444444444444, 0.2705555555555556)"
"(-0.02152777777777777, 0.4812500000000001)"
"(0.35075757575757577, 0.48636363636363633)"
"(0.291, 0.608)"
"(0.38, 0.7266666666666667)"
"(0.2513694638694639, 0.47494172494172493)"
"(0.0732142857142857, 0.46071428571428574)"
"(0.08333333333333333, 0.3875)"
"(0.05565476190476191, 0.5561011904761906)"
"(0.09444444444444444, 0.5666666666666667)"
"(0.35428571428571426, 0.6333333333333334)"
"(0.31952380952380954, 0.5752380952380952)"
"(-0.12388888888888888, 0.4872222222222222)"
"(0.012500000000000002, 0.2708333333333333)"
"(0.13333333333333333, 0.3347222222222223)"
"(0.21944444444444444, 0.6722222222222222)"
"(0.07142857142857142, 0.4857142857142857)"
"(0.29023809523809524, 0.47619047619047616)"
"(0.175, 0.2)"
"(0.675, 0.7875)"
"(-0.12638888888888888, 0.6805555555555555)"
"(0.17460317460317462, 0.40972222222222227)"
"(0.47847222222222224, 0.5305555555555556)"
"(0.3157407407407408, 0.5851851851851851)"
"(0.35555555555555557, 0.5111111111111111)"
"(0.04666666666666669, 0.5)"
"(0.325, 0.475)"
"(0.14625, 0.3402083333333334)"
"(0.44638528138528144, 0.7439826839826839)"
"(-0.0065306122448979265, 0.5445578231292516)"
"(0.08636363636363636, 0.37121212121212127)"
"(-0.04267676767676767, 0.33535353535353535)"
"(0.375, 0.4833333333333332)"
"(-0.028571428571428564, 0.6142857142857142)"
"(0.1272222222222222, 0.37444444444444447)"
"(0.33579545454545456, 0.4484848484848485)"
"(0.2282407407407407, 0.5842592592592593)"
"(0.225, 0.6)"
"(-0.01666666666666667, 0.19166666666666665)"
"(0.10285714285714287, 0.5642857142857143)"
"(-0.221875, 0.4375)"
"(0.3854166666666667, 0.5333333333333333)"
"(0.0019999999999999575, 0.806)"
"(0.3083333333333333, 0.8166666666666668)"
"(0.16111111111111112, 0.4694444444444445)"
"(0.17583333333333334, 0.445)"
"(0.21753618113912235, 0.4586583351289234)"
"(0.15416666666666667, 0.3)"
"(0.25999999999999995, 0.57)"
"(0.19522727272727272, 0.415)"
"(0.40703703703703703, 0.567037037037037)"
"(0.19814814814814816, 0.362962962962963)"
"(0.3520833333333333, 0.5166666666666667)"
"(0.030612244897959186, 0.4588435374149659)"
"(0.2800865800865801, 0.7922077922077921)"
"(0.2785714285714286, 0.48214285714285715)"
"(0.39, 0.44000000000000006)"
"(0.08958333333333333, 0.32708333333333334)"
"(0.4383333333333333, 0.5686111111111111)"
"(0.3099364177489178, 0.5233198051948051)"
"(0.1375, 0.41250000000000003)"
"(0.11676587301587305, 0.6518849206349205)"
"(0.385, 0.5133333333333333)"
"(0.06, 0.65)"
"(0.4246031746031746, 0.6738095238095237)"
"(0.17142857142857146, 0.5333333333333333)"
"(-0.09999999999999999, 0.21666666666666667)"
"(0.4063492063492064, 0.623015873015873)"
"(0.30337902837902836, 0.44878547378547373)"
"(0.4, 0.375)"
"(0.19166666666666665, 0.44791666666666663)"
"(0.4958333333333333, 0.65)"
"(0.625, 0.7999999999999999)"
"(0.22399999999999992, 0.5000000000000001)"
"(0.22000000000000003, 0.52)"
"(0.0, 0.5625)"
"(0.10119047619047618, 0.42976190476190473)"
"(-0.4533333333333333, 0.9)"
"(-0.07448979591836735, 0.4846938775510204)"
"(0.5583333333333333, 0.6666666666666666)"
"(0.42812500000000003, 0.6625)"
"(0.26931818181818185, 0.48863636363636365)"
"(-0.01083333333333333, 0.38249999999999995)"
"(0.22984848484848489, 0.59)"
"(0.12529761904761905, 0.4744047619047619)"
"(-0.14749999999999996, 0.5791666666666666)"
"(0.0, 0.0)"
"(0.6833333333333332, 0.9)"
"(0.22486263736263734, 0.41730769230769227)"
"(0.18316942719116633, 0.4595065562456867)"
"(0.3457017543859649, 0.6730701754385965)"
"(0.31666666666666665, 0.3666666666666667)"
"(0.40104166666666674, 0.6197916666666667)"
"(-0.0988095238095238, 0.3642857142857143)"
"(0.12833333333333333, 0.47)"
"(0.20625, 0.45)"
"(0.1444444444444444, 0.7888888888888889)"
"(0.2898989898989899, 0.37373737373737376)"
"(0.3, 0.5000000000000001)"
"(0.3, 0.525)"
"(0.3666666666666667, 0.6333333333333333)"
"(0.25, 0.3)"
"(0.1778409090909091, 0.54375)"
"(0.42400000000000004, 0.7577777777777778)"
"(0.4, 0.3)"
"(0.15, 0.2833333333333334)"
"(0.08125, 0.34166666666666673)"
"(0.11027777777777777, 0.48263888888888895)"
"(0.3131410256410256, 0.5254273504273504)"
"(-0.25, 0.4)"
"(0.48333333333333334, 0.7000000000000001)"
"(0.0965, 0.62)"
"(0.6, 0.5666666666666667)"
"(0.25, 0.4)"
"(0.22499999999999998, 0.42500000000000004)"
"(-0.04999999999999999, 0.35)"
"(0.1037037037037037, 0.5777777777777778)"
"(0.10476190476190475, 0.46809523809523806)"
"(0.29989898989898994, 0.5848484848484848)"
"(0.3666666666666667, 0.3125)"
"(0.3304166666666667, 0.7558333333333334)"
"(0.45000000000000007, 0.85)"
"(0.275, 0.6173076923076923)"
"(0.11931818181818181, 0.4482142857142857)"
"(0.10357142857142858, 0.46547619047619043)"
"(0.1392857142857143, 0.5928571428571429)"
"(-0.010714285714285704, 0.32976190476190476)"
"(0.029365079365079372, 0.3432539682539682)"
"(0.10500000000000001, 0.43000000000000005)"
"(0.6333333333333333, 0.6527777777777778)"
"(0.26666666666666666, 0.7833333333333333)"
"(0.15171957671957673, 0.5517195767195767)"
"(0.48333333333333334, 0.6)"
"(1.0, 0.3)"
"(0.29999999999999993, 0.4571428571428572)"
"(0.024725274725274724, 0.4313186813186814)"
"(0.3638095238095238, 0.43047619047619046)"
"(0.01944444444444444, 0.6138888888888888)"
"(0.10976190476190475, 0.5283333333333334)"
"(0.24694444444444452, 0.6347222222222222)"
"(0.2515151515151515, 0.6474747474747474)"
"(0.595, 0.705)"
"(-0.13174603174603175, 0.42936507936507945)"
"(0.4444444444444444, 0.6555555555555556)"
"(0.05416666666666669, 0.5683333333333334)"
"(0.20357142857142857, 0.7964285714285714)"
"(-0.009999999999999998, 0.5)"
"(0.0, 0.0)"
"(0.1, 0.3)"
"(0.425, 0.7083333333333334)"
"(0.4, 0.425)"
"(0.26285714285714284, 0.6342857142857143)"
"(0.44242857142857145, 0.5232857142857144)"
"(0.16249999999999998, 0.47500000000000003)"
"(0.14393939393939395, 0.4848484848484848)"
"(0.25, 0.4714285714285715)"
"(0.3909523809523809, 0.6752380952380952)"
"(0.225, 0.425)"
"(0.38888888888888884, 0.4444444444444444)"
"(0.34285714285714286, 0.4428571428571429)"
"(0.22045454545454546, 0.5098484848484848)"
"(0.21590909090909094, 0.43636363636363634)"
"(0.1919117647058824, 0.5073529411764706)"
"(0.1787037037037037, 0.5296296296296296)"
"(0.04166666666666667, 0.3816666666666667)"
"(0.7333333333333334, 0.7999999999999999)"
"(0.2590909090909091, 0.49722222222222223)"
"(-0.01666666666666667, 0.39166666666666666)"
"(0.09056895485466918, 0.48330241187384043)"
"(0.2333333333333333, 0.7000000000000001)"
"(0.004265873015873009, 0.5318948412698412)"
"(0.2642857142857143, 0.5535714285714286)"
"(0.4125, 0.875)"
"(0.09500000000000001, 0.325)"
"(0.07500000000000001, 0.47291666666666665)"
"(0.15833333333333335, 0.33809523809523817)"
"(0.2625, 0.446875)"
"(0.07878787878787878, 0.18888888888888888)"
"(0.05, 0.25)"
"(0.7625, 0.6718749999999999)"
"(0.07694444444444445, 0.5722222222222222)"
"(0.23854166666666665, 0.5416666666666666)"
"(0.20833333333333334, 0.5027777777777778)"
"(0.2, 0.52)"
"(0.4748214285714286, 0.5485714285714286)"
"(0.4, 0.4)"
"(0.10772005772005772, 0.44781746031746034)"
"(0.16666666666666666, 0.4666666666666666)"
"(0.55, 0.475)"
"(-0.008333333333333338, 0.4322916666666667)"
"(0.2638888888888889, 0.49166666666666664)"
"(0.590625, 0.6375)"
"(0.15476190476190474, 0.4107142857142857)"
"(0.2633301767676767, 0.5361111111111111)"
"(0.125, 0.663888888888889)"
"(0.2166666666666667, 0.5466666666666666)"
"(0.25256410256410255, 0.4846153846153846)"
"(0.3125, 0.8025)"
"(0.16064814814814815, 0.38981481481481484)"
"(-0.16333333333333333, 0.7266666666666666)"
"(0.16666666666666669, 0.6841269841269841)"
"(0.25937499999999997, 0.3125)"
"(0.2, 0.32)"
"(0.51875, 0.46249999999999997)"
"(-0.19444444444444445, 0.4166666666666667)"
"(0.23356643356643356, 0.4740675990675991)"
"(0.16999999999999998, 0.3166666666666667)"
"(0.19166666666666665, 0.5361111111111111)"
"(0.33999999999999997, 0.485)"
"(0.2333333333333333, 0.47500000000000003)"
"(0.17166666666666666, 0.6991666666666667)"
"(0.17784090909090908, 0.38238636363636364)"
"(0.2833333333333333, 0.44166666666666665)"
"(-0.10833333333333332, 0.7916666666666666)"
"(0.237396694214876, 0.5981404958677686)"
"(0.3145833333333334, 0.60625)"
"(0.08482142857142858, 0.4258928571428572)"
"(0.13787957211870253, 0.39423740510697036)"
"(0.24985667485667484, 0.5234753984753985)"
"(0.18408730158730158, 0.45936507936507937)"
