"(0.3936079545454545, 0.6453598484848485)"
"(0.4395833333333334, 0.7416666666666667)"
"(0.26875000000000004, 0.639236111111111)"
"(0.3356542699724518, 0.5301515151515152)"
"(0.21018518518518517, 0.4055555555555555)"
"(0.5125, 0.7583333333333333)"
"(0.3073529411764706, 0.5470588235294118)"
"(0.556, 0.68)"
"(0.37784090909090906, 0.525)"
"(0.3958333333333333, 0.5051282051282051)"
"(0.35000000000000003, 0.45555555555555555)"
"(0.38522727272727275, 0.5813131313131313)"
"(0.325, 0.4625)"
"(0.4666666666666667, 0.6333333333333333)"
"(0.29444444444444445, 0.40925925925925927)"
"(0.40625, 0.575)"
"(0.3125, 0.39166666666666666)"
"(0.5583333333333333, 0.5666666666666665)"
"(0.4541666666666666, 0.6138888888888889)"
"(0.37162247474747473, 0.5222222222222221)"
"(0.3070833333333333, 0.5329166666666667)"
"(0.7583333333333333, 0.7166666666666668)"
"(0.13392857142857142, 0.23392857142857143)"
"(0.22999999999999998, 0.6599999999999999)"
"(0.11419753086419752, 0.5608024691358025)"
"(0.2528846153846154, 0.5660256410256411)"
"(0.4916666666666667, 0.5166666666666667)"
"(0.38222222222222224, 0.7277777777777779)"
"(0.39333333333333337, 0.7166666666666667)"
"(0.4796875, 0.7041666666666666)"
"(0.16592592592592592, 0.44240740740740736)"
"(0.7, 0.8)"
"(0.8833333333333333, 0.6833333333333332)"
"(0.6, 1.0)"
"(0.63125, 0.7625)"
"(0.28939393939393937, 0.5349242424242425)"
"(0.4729166666666667, 0.6999999999999998)"
"(0.3916666666666666, 0.7666666666666666)"
"(0.39404761904761904, 0.5333333333333333)"
"(0.23308641975308644, 0.6695061728395062)"
"(0.16564814814814816, 0.40518518518518515)"
"(0.275974025974026, 0.5858116883116883)"
"(0.3704761904761905, 0.6661904761904763)"
"(0.32780303030303026, 0.6254545454545454)"
"(0.4444444444444444, 0.5388888888888889)"
"(0.2977083333333334, 0.483888888888889)"
"(0.3433333333333334, 0.5791666666666667)"
"(0.3833333333333333, 0.3666666666666667)"
"(0.6, 1.0)"
"(-0.15999999999999998, 0.6891666666666667)"
"(0.34694677871148466, 0.6761624649859943)"
"(0.5231770833333333, 0.8413194444444444)"
"(0.28939393939393937, 0.472979797979798)"
"(0.3894444444444444, 0.5694444444444444)"
"(0.6041666666666666, 0.6777777777777779)"
"(0.29190476190476194, 0.5133333333333334)"
"(0.18363636363636365, 0.40545454545454546)"
"(0.2347222222222222, 0.6902777777777778)"
"(0.6333333333333333, 0.6833333333333332)"
"(0.1716329966329966, 0.5314814814814814)"
"(0.55, 0.65)"
"(0.6045454545454546, 0.6227272727272728)"
"(0.3333333333333333, 0.6333333333333334)"
"(0.4822916666666667, 0.6654166666666665)"
"(0.30892857142857144, 0.6080026455026456)"
"(0.7, 0.4)"
"(0.278125, 0.4875)"
"(0.22083333333333333, 0.6958333333333333)"
"(0.0, 0.0)"
"(0.28095238095238095, 0.4976190476190476)"
"(0.4, 0.5)"
"(0.19547619047619044, 0.44976190476190475)"
"(0.39375000000000004, 0.5874999999999999)"
"(0.2589594928880643, 0.44421768707482995)"
"(0.41000000000000003, 0.5028571428571429)"
"(0.17142857142857143, 0.48952380952380936)"
"(0.375, 0.5)"
"(0.2821428571428572, 0.65)"
"(0.7116071428571429, 0.7714285714285715)"
"(0.682, 0.8)"
"(0.25, 0.6499999999999999)"
"(0.20217105263157895, 0.41657894736842105)"
"(0.5277777777777778, 0.6055555555555556)"
"(0.64375, 0.775)"
"(0.20625, 0.5625)"
"(0.30833333333333335, 0.43333333333333335)"
"(0.4035714285714286, 0.5984126984126984)"
"(0.35714285714285715, 0.5)"
"(0.4635416666666667, 0.6375000000000001)"
"(0.32083333333333336, 0.4041666666666666)"
"(0.09999999999999999, 0.39821428571428574)"
"(0.39621212121212124, 0.6172348484848486)"
"(0.45, 0.725)"
"(0.3333333333333333, 0.45416666666666666)"
"(0.5159090909090909, 0.6727272727272728)"
"(0.36607142857142855, 0.6071428571428571)"
"(0.2753968253968255, 0.5814285714285714)"
"(0.28285714285714286, 0.45071428571428573)"
"(0.4018518518518518, 0.5472222222222223)"
"(0.29147727272727275, 0.45916666666666667)"
"(0.45, 0.7)"
"(0.12316017316017315, 0.5192640692640693)"
"(0.2892857142857143, 0.5642857142857143)"
"(0.25833333333333336, 0.6773809523809524)"
"(1.0, 1.0)"
"(0.13583333333333333, 0.4341666666666667)"
"(0.14666666666666667, 0.5373333333333334)"
"(0.45, 0.7416666666666667)"
"(0.15740740740740744, 0.6425925925925926)"
"(0.33999999999999997, 0.5)"
"(0.25, 0.35)"
"(0.32500000000000007, 0.5096153846153846)"
"(0.27045454545454545, 0.6636363636363637)"
"(0.35, 0.45)"
"(0.6416666666666666, 0.7033333333333334)"
"(0.20859375, 0.47708333333333336)"
"(0.25416666666666665, 0.65)"
"(0.16428571428571428, 0.6208616780045352)"
"(0.29994047619047626, 0.5765476190476191)"
"(0.47500000000000003, 0.5770833333333333)"
"(0.1625, 0.6333333333333333)"
"(0.328125, 0.3)"
"(0.5041666666666667, 0.5666666666666668)"
"(0.08055555555555556, 0.888888888888889)"
"(0.32375000000000004, 0.595)"
"(0.35424999999999995, 0.6102222222222222)"
"(0.42000000000000004, 0.475)"
"(0.4580357142857143, 0.5976190476190476)"
"(0.34204545454545454, 0.5861111111111111)"
"(0.5, 0.45)"
"(0.25625000000000003, 0.6710648148148147)"
"(0.3333333333333333, 0.375)"
"(0.4666666666666667, 0.6666666666666666)"
"(0.31727272727272726, 0.5509090909090909)"
"(0.3644444444444444, 0.55)"
"(0.5016666666666667, 0.6483333333333333)"
"(0.42622222222222217, 0.6597777777777777)"
"(0.23214285714285715, 0.6571428571428571)"
"(0.17976190476190476, 0.4726190476190476)"
"(0.58, 0.71)"
"(0.34333333333333343, 0.6833333333333332)"
"(0.275, 0.525)"
"(0.49166666666666664, 0.5416666666666666)"
"(0.9, 0.525)"
"(0.475, 0.6875)"
"(0.5875, 0.625)"
"(0.29625, 0.6583333333333334)"
"(0.29285714285714287, 0.5457142857142857)"
"(0.3926298701298701, 0.5166233766233767)"
"(0.41904761904761906, 0.6472222222222221)"
"(0.0, 0.0)"
"(0.26666666666666666, 0.3666666666666667)"
"(0.36339285714285713, 0.5785714285714285)"
"(0.3541666666666667, 0.5282407407407407)"
"(0.43000000000000005, 0.5900000000000001)"
"(0.371875, 0.515625)"
"(0.4000000000000001, 0.6666666666666666)"
"(0.35, 0.4)"
"(0.32142857142857145, 0.45000000000000007)"
"(0.3724431818181818, 0.7363636363636363)"
"(0.5266666666666667, 0.6333333333333333)"
"(0.2, 0.3726190476190476)"
"(0.5625, 0.7333333333333334)"
"(0.18357142857142858, 0.4652380952380953)"
"(0.2490530303030303, 0.5195707070707071)"
"(0.5249999999999999, 0.6799999999999999)"
"(0.5, 0.5)"
"(0.0, 0.0)"
"(1.0, 0.3)"
"(0.35568181818181815, 0.7022727272727273)"
"(0.5, 0.5)"
"(0.0, 0.0)"
"(0.8, 0.75)"
"(0.8, 0.75)"
"(0.8, 0.75)"
"(0.6, 0.525)"
"(0.27283333333333337, 0.552)"
"(0.5541666666666667, 0.6333333333333333)"
"(0.8, 0.75)"
"(0.10000000000000002, 0.46666666666666673)"
"(0.0, 0.5)"
"(0.3666666666666667, 0.35000000000000003)"
"(0.08333333333333333, 0.3666666666666667)"
"(0.5533333333333333, 0.5133333333333333)"
"(0.35833333333333334, 0.5666666666666667)"
"(0.29374999999999996, 0.42500000000000004)"
"(0.5, 0.5)"
"(0.5533333333333333, 0.6766666666666667)"
"(0.27878787878787875, 0.5181818181818182)"
"(0.2, 0.3)"
"(0.0, 0.0)"
"(0.3, 0.4333333333333333)"
"(0.4833333333333334, 0.5666666666666667)"
"(0.4125, 0.8)"
"(0.09375, 0.45)"
"(0.64375, 0.7)"
"(0.3666666666666667, 0.5333333333333333)"
"(0.15097064393939397, 0.5622632575757576)"
"(0.6124999999999999, 0.55)"
"(0.10918367346938775, 0.589795918367347)"
"(0.22499999999999998, 0.375)"
"(0.15, 0.5499999999999999)"
"(0.26666666666666666, 0.5375)"
"(-0.0375, 0.22000000000000003)"
"(0.4, 0.6)"
"(0.6, 1.0)"
"(0.0, 0.0)"
"(0.5, 1.0)"
"(0.5, 0.5)"
"(0.24545454545454545, 0.5)"
"(0.0, 0.3)"
"(0.4000000000000001, 0.9)"
"(-0.07142857142857142, 0.21428571428571427)"
"(0.8, 0.75)"
"(0.5666666666666668, 0.5833333333333334)"
"(0.0, 0.1)"
"(0.5, 0.5)"
"(0.13571428571428573, 0.6485714285714286)"
"(0.3964285714285714, 0.43392857142857144)"
"(0.039999999999999994, 0.45666666666666667)"
"(0.13636363636363635, 0.5)"
"(-0.4, 0.65)"
"(0.4, 1.0)"
"(0.0, 0.125)"
"(0.0, 0.0)"
"(0.16590909090909092, 0.5)"
"(0.1, 0.15)"
"(0.4, 0.4)"
"(0.3416666666666667, 0.6499999999999999)"
"(0.5, 1.0)"
"(0.6, 0.6)"
"(0.1, 0.15000000000000002)"
"(-0.12000000000000001, 0.47)"
"(0.2, 0.3)"
"(0.46875, 0.475)"
"(0.2392857142857143, 0.6178571428571429)"
"(0.0, 0.55)"
"(0.03333333333333333, 0.6333333333333333)"
"(0.03333333333333333, 0.20000000000000004)"
"(0.0, 0.1)"
"(0.24444444444444446, 0.48888888888888893)"
"(0.1280952380952381, 0.2561904761904762)"
"(0.3252083333333334, 0.43875000000000003)"
"(0.12470238095238097, 0.6275297619047618)"
"(0.3666666666666667, 0.9500000000000001)"
"(0.49375, 0.6625)"
"(0.04845238095238095, 0.4176190476190476)"
"(0.061428571428571464, 0.6398412698412699)"
"(0.11953125, 0.41145833333333337)"
"(0.3279761904761905, 0.32976190476190476)"
"(0.28296875, 0.5375)"
"(0.3988095238095238, 0.6495039682539683)"
"(0.4375, 0.7)"
"(-0.125, 0.375)"
"(-0.075, 0.325)"
"(0.14426406926406926, 0.5544372294372294)"
"(-0.1, 0.2)"
"(0.13181818181818183, 0.44886363636363635)"
"(0.25166666666666665, 0.4844444444444445)"
"(0.1727435064935065, 0.5576190476190477)"
"(0.16875, 0.60625)"
"(0.8, 0.75)"
"(0.7, 0.6000000000000001)"
"(0.26875, 0.325)"
"(0.45740740740740743, 0.8231481481481481)"
"(0.34375, 0.475)"
"(0.28, 0.72)"
"(0.0, 0.0)"
"(0.5, 0.5)"
"(0.0, 0.0)"
"(0.08, 0.26999999999999996)"
"(-0.045, 0.39499999999999996)"
"(0.8, 0.75)"
"(-0.25, 1.0)"
"(0.1461111111111111, 0.7916666666666666)"
"(0.20204081632653062, 0.5006802721088436)"
"(-0.0004166666666666624, 0.48208333333333336)"
"(0.15, 0.35000000000000003)"
"(0.4138095238095238, 0.6166666666666666)"
"(0.3015625, 0.4625)"
"(0.5671428571428572, 0.6339285714285714)"
"(0.125, 0.65)"
"(0.6266666666666667, 0.8333333333333334)"
"(0.6, 0.6666666666666666)"
"(0.25, 0.3)"
"(0.3181818181818182, 0.55)"
"(0.20000000000000004, 0.3333333333333333)"
"(0.0, 0.0)"
"(0.45, 0.85)"
"(0.05, 0.2)"
"(0.1996031746031746, 0.5257936507936508)"
"(0.23850000000000002, 0.54)"
"(0.3353703703703703, 0.6146296296296295)"
"(0.056249999999999994, 0.28750000000000003)"
"(0.1, 0.6937500000000001)"
"(0.3611111111111111, 0.5222222222222223)"
"(0.35, 0.35)"
"(0.21333333333333332, 0.4333333333333333)"
"(-0.033333333333333326, 0.6666666666666666)"
"(0.2666666666666666, 0.7666666666666666)"
"(0.3738095238095238, 0.4523809523809524)"
"(0.0, 0.0)"
"(0.13999999999999999, 0.465)"
"(0.1476190476190476, 0.3095238095238096)"
"(0.5, 0.5)"
"(0.36875, 0.71875)"
"(-0.05714285714285713, 0.530952380952381)"
"(0.6000000000000001, 0.9)"
"(0.246875, 0.55625)"
"(0.135, 0.43499999999999994)"
"(0.1, 0.1)"
"(0.11590909090909089, 0.5042207792207792)"
"(0.35, 0.4)"
"(0.15, 0.1)"
"(0.3, 0.8)"
"(0.45, 0.8500000000000001)"
"(0.525, 0.4)"
"(0.20285714285714285, 0.7457142857142858)"
"(0.31875000000000003, 0.7999999999999999)"
"(-0.08249999999999999, 0.20916666666666667)"
"(0.0, 0.5)"
"(0.25333333333333335, 0.3955555555555555)"
"(0.28125, 0.525)"
"(0.1761904761904762, 0.6857142857142856)"
"(0.15519607843137256, 0.4245098039215686)"
"(0.034006734006734006, 0.24814814814814815)"
"(0.07314814814814814, 0.4657407407407408)"
"(0.27833806818181817, 0.6308238636363637)"
"(0.2, 0.3)"
"(0.575, 0.575)"
"(0.25, 0.35)"
"(0.016287878787878785, 0.4666666666666666)"
"(0.5, 0.525)"
"(0.39999999999999997, 0.5666666666666668)"
"(0.3866666666666667, 0.5133333333333333)"
"(0.15, 0.39999999999999997)"
"(0.0, 0.0)"
"(-0.0008333333333333304, 0.29833333333333334)"
"(0.0, 0.0)"
"(0.39583333333333337, 0.5)"
"(0.4, 0.625)"
"(0.04375, 0.36875)"
"(0.375, 0.75)"
"(-0.3, 0.9)"
"(0.5, 0.5)"
"(0.8, 0.75)"
"(0.0, 0.0)"
"(0.5, 0.5)"
"(0.0, 0.0)"
"(-0.14583333333333331, 0.09583333333333333)"
"(-0.33181818181818185, 0.7)"
"(0.0, 0.0)"
"(0.05, 0.2)"
"(0.625, 0.6)"
"(0.7, 0.6000000000000001)"
"(0.43333333333333335, 0.8333333333333334)"
"(0.0, 0.0)"
"(0.0, 0.0)"
"(0.20000000000000004, 0.45)"
"(0.0, 0.0)"
"(0.8, 1.0)"
"(0.0, 0.0)"
"(0.0, 0.0)"
"(0.78125, 0.6)"
"(0.42500000000000004, 0.95)"
"(0.11666666666666665, 0.6)"
"(-0.02500000000000001, 0.525)"
"(0.0925925925925926, 0.5407407407407409)"
"(0.4, 0.375)"
"(0.275, 0.525)"
"(-0.08399999999999994, 0.7266666666666666)"
"(0.3, 0.47500000000000003)"
"(0.1897348484848485, 0.5536931818181818)"
"(0.11590909090909092, 0.225)"
"(0.3188552188552189, 0.5282828282828284)"
"(0.35205627705627707, 0.47380952380952374)"
"(0.037500000000000006, 0.2875)"
"(0.35, 0.65)"
"(0.5, 0.8)"
"(0.55, 0.75)"
"(0.17566844919786098, 0.5010843731431968)"
"(0.2753663003663004, 0.5399267399267399)"
"(0.20500000000000002, 0.5599999999999999)"
"(0.11821969696969696, 0.4216666666666667)"
"(0.07391666666666666, 0.6917500000000001)"
"(0.22500000000000003, 0.475)"
"(0.4625, 0.4583333333333333)"
"(0.26666666666666666, 0.5)"
"(0.0, 0.5)"
"(0.15000000000000002, 0.37777777777777777)"
"(0.7, 0.6000000000000001)"
"(0.4727272727272727, 0.5757575757575758)"
"(0.08125000000000002, 0.585)"
"(0.25, 0.75)"
"(0.8, 0.75)"
"(0.5, 0.5)"
"(0.2, 0.3)"
"(0.6, 0.5833333333333334)"
"(0.54, 0.58)"
"(-0.125, 0.9444444444444444)"
"(-0.3, 0.5)"
"(0.14285714285714285, 0.28214285714285714)"
"(0.3821428571428572, 0.5607142857142857)"
"(0.5197916666666667, 0.6145833333333333)"
"(0.0, 0.0)"
"(0.4895833333333333, 0.85)"
"(0.11545454545454545, 0.6290909090909091)"
"(0.46190476190476193, 0.7130952380952381)"
"(0.07500000000000001, 0.5499999999999999)"
"(0.15208333333333335, 0.63125)"
"(0.3666666666666667, 0.4666666666666666)"
"(0.019999999999999997, 0.54)"
"(0.12583333333333335, 0.475)"
"(0.11499999999999999, 0.36)"
"(-0.27499999999999997, 0.48333333333333334)"
"(0.15, 0.5)"
"(0.37083333333333335, 0.3611111111111111)"
"(0.4, 0.5)"
"(0.0, 0.05)"
"(0.6, 0.6000000000000001)"
"(0.6000000000000001, 0.9)"
"(0.0, 0.5)"
"(0.39999999999999997, 0.8)"
"(-0.1875, 0.5)"
"(0.3444444444444444, 0.9444444444444445)"
"(0.1202020202020202, 0.32222222222222224)"
"(1.0, 0.3)"
"(0.7, 0.6000000000000001)"
"(0.012500000000000002, 0.5625)"
"(0.11428571428571431, 0.6269841269841271)"
"(0.25833333333333336, 0.5499999999999999)"
"(-0.12192307692307694, 0.33282051282051284)"
"(0.2850595238095238, 0.4339484126984127)"
"(0.3553571428571428, 0.6392857142857143)"
"(0.19883333333333333, 0.5061666666666667)"
"(0.21113063407181057, 0.4026050420168067)"
"(0.513425925925926, 0.5300925925925926)"
"(0.23041666666666671, 0.5716666666666667)"
"(0.5, 0.875)"
"(0.5333333333333333, 0.5499999999999999)"
"(0.12083333333333335, 0.5083333333333333)"
"(0.1, 0.2125)"
"(0.5, 0.4)"
"(0.24444444444444446, 0.7000000000000001)"
"(0.3666666666666667, 0.5)"
"(0.43333333333333335, 0.8333333333333334)"
"(0.09999999999999999, 0.4666666666666666)"
"(0.55, 0.5375)"
"(0.22999999999999998, 0.49000000000000005)"
"(1.0, 1.0)"
"(0.44034090909090906, 0.525)"
"(0.06666666666666667, 0.09999999999999999)"
"(0.5125, 0.5125000000000001)"
"(0.27999999999999997, 0.43500000000000005)"
"(0.08, 0.31333333333333335)"
"(-0.0625, 0.1875)"
"(0.2, 0.4)"
"(0.0625, 0.35)"
"(-0.1875, 0.5)"
"(0.2, 0.3)"
"(0.06818181818181818, 0.3939393939393939)"
"(0.2159090909090909, 0.5)"
"(0.3875, 0.5)"
"(0.2717460317460318, 0.7385714285714285)"
"(0.0837878787878788, 0.5798484848484848)"
"(0.34375, 0.43)"
"(0.2970238095238095, 0.49107142857142855)"
"(0.1025, 0.64)"
"(0.2352272727272727, 0.6)"
"(0.10357142857142856, 0.6071428571428571)"
"(0.001041666666666663, 0.7166666666666667)"
"(0.46875, 0.66875)"
"(0.13333333333333333, 0.2166666666666667)"
"(0.5, 0.42538461538461536)"
"(0.10753968253968255, 0.6436507936507936)"
"(0.25, 0.34166666666666673)"
"(0.3904761904761905, 0.419047619047619)"
"(0.1369047619047619, 0.623095238095238)"
"(0.32499999999999996, 0.43333333333333335)"
"(-0.049999999999999996, 0.35000000000000003)"
"(0.4, 0.8)"
"(0.6, 1.0)"
"(0.0, 0.0)"
"(0.0, 1.0)"
"(0.12499999999999996, 0.43333333333333335)"
"(0.0, 0.0)"
"(0.6833333333333333, 0.5)"
"(0.25, 0.3)"
"(0.0031250000000000028, 0.45)"
"(0.034375, 0.625)"
"(0.060416666666666674, 0.7604166666666667)"
"(0.12611111111111112, 0.33222222222222225)"
"(0.33194444444444443, 0.6527777777777778)"
"(0.5666666666666667, 0.7083333333333333)"
"(0.6, 0.55)"
"(0.3166666666666667, 0.65)"
"(0.0, 0.0)"
"(0.8, 0.875)"
"(0.39999999999999997, 0.35000000000000003)"
"(0.9, 0.525)"
"(0.4, 0.375)"
"(0.48333333333333334, 0.5333333333333333)"
"(0.03988095238095237, 0.4799603174603175)"
"(0.4, 0.35)"
"(0.31875, 0.47500000000000003)"
"(0.47125000000000006, 0.76)"
"(0.1125, 0.5346153846153847)"
"(0.32476190476190475, 0.5388095238095237)"
"(0.16944444444444443, 0.5472222222222223)"
"(0.3159090909090909, 0.55)"
"(0.31666666666666665, 0.5166666666666667)"
"(0.16666666666666666, 0.5666666666666668)"
"(0.39166666666666666, 0.5)"
"(0.5, 0.6)"
"(0.4000000000000001, 0.9)"
"(0.2828125, 0.525)"
"(0.4625, 0.6875)"
"(0.43333333333333335, 0.45416666666666666)"
"(0.5555555555555556, 0.7166666666666667)"
"(0.039285714285714285, 0.3535714285714286)"
"(0.2529761904761905, 0.655952380952381)"
"(0.4835, 0.543)"
"(0.5666666666666667, 0.65625)"
"(0.03322916666666667, 0.48708333333333337)"
"(0.625, 0.5)"
"(0.25163690476190476, 0.5952380952380952)"
"(0.25833333333333336, 0.6916666666666668)"
"(0.1975, 1.0)"
"(0.38055555555555554, 0.6055555555555555)"
"(0.35, 0.4)"
"(0.0, 0.0)"
"(0.625, 0.875)"
"(0.19895833333333335, 0.48791666666666655)"
"(0.12, 0.42000000000000004)"
"(0.4190151515151515, 0.703030303030303)"
"(0.5, 0.5)"
"(0.75, 0.625)"
"(0.0, 0.1)"
"(0.7816666666666667, 1.0)"
"(0.2375, 0.7)"
"(0.9375000000000001, 0.9)"
"(0.525, 0.6)"
"(0.41666666666666663, 0.5833333333333333)"
"(0.48750000000000004, 0.875)"
"(0.05, 0.2)"
"(-0.15000000000000002, 0.75)"
"(0.7, 0.6000000000000001)"
"(0.4000000000000001, 0.9)"
"(0.64, 0.8)"
"(0.8, 0.75)"
"(0.5, 0.6)"
"(0.8049999999999999, 0.8400000000000001)"
"(-0.5333333333333333, 0.9)"
"(0.16666666666666666, 0.6666666666666666)"
"(0.6083333333333333, 0.6416666666666667)"
"(0.33999999999999997, 0.6342857142857142)"
"(0.4875, 0.5125000000000001)"
"(0.25999999999999995, 0.38)"
"(0.41, 0.6444444444444445)"
"(0.0725, 0.32)"
"(0.0, 0.0)"
"(0.5599999999999999, 0.85)"
"(0.2, 0.375)"
"(0.8, 0.875)"
"(0.8, 0.6)"
"(-0.3499999999999999, 0.3833333333333333)"
"(0.0625, 0.5)"
"(0.1625, 0.31875)"
"(0.05555555555555556, 0.48888888888888893)"
"(0.2, 0.3)"
"(0.39166666666666666, 0.5333333333333333)"
"(0.2, 0.2)"
"(0.21212121212121213, 0.3333333333333333)"
"(0.0, 0.0)"
"(0.65, 0.675)"
"(0.66328125, 0.625)"
"(0.16933333333333334, 0.40066666666666667)"
"(0.4666666666666666, 0.43333333333333335)"
"(0.16499999999999998, 0.43)"
"(0.21346801346801347, 0.4989057239057239)"
"(0.13636363636363635, 0.36363636363636365)"
"(0.3333333333333333, 0.5333333333333333)"
"(0.30500000000000005, 0.73)"
"(0.175, 0.4861111111111111)"
"(0.26666666666666666, 0.3333333333333333)"
"(0.26000000000000006, 0.7233333333333333)"
"(0.17142857142857143, 0.6571428571428571)"
"(0.07429653679653679, 0.4575577200577201)"
"(0.3625, 0.5875)"
"(-0.3888888888888889, 0.8333333333333334)"
"(0.16041666666666665, 0.74375)"
"(0.33999999999999997, 0.36)"
"(-0.1625, 0.4375)"
"(0.25, 0.3)"
"(0.0, 0.0)"
"(0.25, 0.75)"
"(0.5, 0.6)"
"(1.0, 0.3)"
"(0.3, 0.2)"
"(0.8, 0.75)"
"(0.35, 0.6)"
"(0.14772727272727273, 0.35454545454545455)"
"(-0.3, 0.5)"
"(0.0, 0.0)"
"(0.0, 0.0)"
"(0.5, 0.5)"
"(0.8, 0.75)"
"(0.41666666666666663, 0.41666666666666663)"
"(0.2, 0.3)"
"(0.4666666666666666, 0.6749999999999999)"
"(0.4681818181818182, 0.625)"
"(0.0, 0.0)"
"(0.0, 0.13)"
"(0.49375, 0.625)"
"(0.5, 0.5)"
"(0.0, 0.0)"
"(0.25, 0.2)"
"(0.0625, 0.5)"
"(0.75, 0.675)"
"(-0.5, 0.4)"
"(0.37537878787878787, 0.5765151515151514)"
"(0.2, 0.5375)"
"(0.32222222222222224, 0.47222222222222227)"
"(-0.1875, 0.5)"
"(-0.3333333333333333, 0.6666666666666666)"
"(0.0, 0.0)"
"(-0.1, 0.2)"
"(0.5, 0.6)"
"(0.40625, 0.575)"
"(0.4125, 0.475)"
"(1.0, 0.3)"
"(0.75, 0.675)"
"(0.31205357142857143, 0.6964285714285714)"
"(0.0, 0.0)"
"(0.74, 0.8)"
"(0.0, 0.0)"
"(0.4222412109375, 0.6338541666666667)"
"(0.08333333333333334, 0.4666666666666667)"
"(0.6333333333333333, 0.9333333333333332)"
"(0.5423076923076923, 0.5625000000000001)"
"(0.2376082251082251, 0.8047619047619049)"
"(0.284375, 0.6479166666666666)"
"(0.4375, 0.7000000000000001)"
"(0.08333333333333333, 0.3666666666666667)"
"(0.47500000000000003, 0.7250000000000001)"
"(0.39999999999999997, 0.4666666666666666)"
"(0.35833333333333334, 0.8666666666666667)"
"(-0.6999999999999998, 0.6666666666666666)"
"(0.625, 0.6)"
"(0.2537878787878788, 0.6848484848484849)"
"(0.5, 0.6)"
"(0.4875, 0.7)"
"(0.14791666666666667, 0.34375)"
"(0.0, 0.0)"
"(0.2660714285714286, 0.6196428571428572)"
"(0.7000000000000001, 0.825)"
"(0.3064814814814815, 0.8481481481481481)"
"(0.5875, 0.48333333333333334)"
"(0.11666666666666665, 0.6166666666666667)"
"(0.5416666666666666, 0.6916666666666668)"
"(0.3333333333333333, 0.6833333333333332)"
"(0.5375, 0.628125)"
"(0.02037037037037037, 0.31851851851851853)"
"(0.3914682539682539, 0.5360670194003527)"
"(0.1875, 0.2833333333333333)"
"(0.35416666666666663, 0.4208333333333333)"
"(0.2, 0.3)"
"(0.8, 0.75)"
"(0.395, 0.5883333333333334)"
"(0.1875, 0.5583333333333333)"
"(1.0, 0.3)"
"(0.4875, 0.7)"
"(0.54375, 0.47500000000000003)"
"(0.0, 0.0)"
"(0.78125, 0.6)"
"(0.625, 0.6166666666666667)"
"(0.3583333333333334, 0.7583333333333333)"
"(0.22291666666666665, 0.45208333333333334)"
"(0.26538461538461544, 0.6057692307692308)"
"(0.8, 0.75)"
"(0.875, 0.6000000000000001)"
"(0.8, 0.75)"
"(-0.8, 0.9)"
"(0.325, 0.75)"
"(0.8, 0.75)"
"(0.041666666666666664, 0.06666666666666667)"
"(0.7, 0.6000000000000001)"
"(0.0, 0.0)"
"(0.26666666666666666, 0.3666666666666667)"
"(0.7, 0.8)"
"(1.0, 0.75)"
"(0.10625000000000001, 0.45)"
"(0.25, 0.5)"
"(0.0, 0.0)"
"(0.5, 0.5)"
"(0.10833333333333335, 0.4)"
"(0.15714285714285717, 0.5571428571428572)"
"(0.2685185185185185, 0.5814814814814815)"
"(0.75, 0.4)"
"(0.2833333333333333, 0.5791666666666666)"
"(0.15656565656565655, 0.7777777777777778)"
"(0.4666666666666666, 0.5833333333333334)"
"(0.125, 0.6785714285714286)"
"(0.75, 0.625)"
"(0.3181818181818182, 0.4772727272727273)"
"(0.16767676767676767, 0.39444444444444443)"
"(0.175, 0.42500000000000004)"
"(-0.31666666666666665, 0.9)"
"(-0.017045454545454544, 0.39166666666666666)"
"(0.09606481481481487, 0.5555555555555556)"
"(0.26666666666666666, 0.4583333333333333)"
"(0.6142857142857144, 0.6142857142857142)"
"(0.475, 0.95)"
"(0.15, 0.15000000000000002)"
"(0.008547008547008536, 0.452991452991453)"
"(0.2263636363636364, 0.42000000000000004)"
"(0.3375757575757576, 0.6954545454545454)"
"(-0.6, 0.8)"
"(-0.16666666666666666, 0.06666666666666667)"
"(-0.4, 0.75)"
"(0.0, 0.0)"
"(0.6, 0.5833333333333334)"
"(0.25, 0.7333333333333334)"
"(0.65, 0.475)"
"(0.025, 0.1)"
"(0.2333333333333333, 0.43333333333333335)"
"(0.2875, 0.7749999999999999)"
"(0.2888888888888889, 0.5888888888888889)"
"(0.4, 0.6333333333333333)"
"(-0.06818181818181818, 0.5)"
"(0.0, 0.75)"
"(0.3416666666666667, 0.9166666666666667)"
"(-0.15, 0.2)"
"(-1.3877787807814457e-17, 0.55)"
"(0.7666666666666666, 0.6166666666666667)"
"(1.0, 1.0)"
"(-0.05972222222222223, 0.43472222222222223)"
"(0.55, 0.35)"
"(0.5, 0.5)"
"(0.4000000000000001, 0.26666666666666666)"
"(0.2, 0.3)"
"(0.5, 0.475)"
"(1.0, 0.75)"
"(0.8, 0.4)"
"(0.6, 0.55)"
"(-0.5, 1.0)"
"(0.3, 0.2)"
"(0.43928571428571433, 0.5464285714285715)"
"(-0.03750000000000003, 0.525)"
"(0.8333333333333334, 0.55)"
"(0.2, 0.3)"
"(0.3333333333333333, 0.5)"
"(0.20673843700159492, 0.46447368421052626)"
"(0.0, 0.0)"
"(0.5, 0.5)"
"(0.0952020202020202, 0.3472222222222222)"
"(-0.029285714285714283, 0.6114285714285714)"
"(0.09777777777777778, 0.2822222222222222)"
"(0.15266203703703704, 0.3886574074074074)"
"(0.1814285714285714, 0.6571428571428571)"
"(0.032499999999999994, 0.4574999999999999)"
"(0.5516666666666666, 0.7983333333333333)"
"(0.196875, 0.65)"
"(0.0, 0.0)"
"(0.48750000000000004, 0.65)"
"(0.2791666666666667, 0.41458333333333336)"
"(0.3333333333333333, 0.4777777777777778)"
"(0.2, 0.35)"
"(0.0, 1.0)"
"(0.8, 0.75)"
"(0.0, 0.0)"
"(-0.25, 0.5)"
"(0.0, 0.0)"
"(0.8, 0.75)"
"(0.04375, 0.51875)"
"(0.0, 0.0)"
"(0.45, 0.475)"
"(0.04999999999999999, 0.5)"
"(0.35714285714285715, 0.5357142857142857)"
"(0.24454545454545454, 0.6799999999999999)"
"(0.4291666666666667, 0.6722222222222222)"
"(0.0, 0.75)"
"(0.6211111111111111, 0.75)"
"(0.14642857142857146, 0.4964285714285714)"
"(0.15113636363636362, 0.5541666666666667)"
"(0.2333333333333333, 0.6597222222222222)"
"(0.5, 1.0)"
"(0.5633333333333334, 1.0)"
"(0.0, 0.4)"
"(0.09128787878787879, 0.43333333333333335)"
"(0.2583333333333333, 0.6333333333333333)"
"(0.0, 0.0)"
"(0.0, 0.0)"
"(0.05416666666666667, 0.19999999999999998)"
"(0.08392857142857144, 0.5436507936507936)"
"(0.5, 0.5)"
"(0.0, 0.0)"
"(0.41, 0.5016666666666667)"
"(0.4, 0.4)"
"(0.125, 0.525)"
"(0.24444444444444444, 0.2888888888888889)"
"(0.0, 0.0)"
"(0.5, 0.5)"
"(0.5, 0.5)"
"(0.0, 0.0)"
"(0.24659090909090908, 0.6)"
"(-0.1, 0.2)"
"(0.3666666666666667, 0.7666666666666666)"
"(0.44999999999999996, 0.47500000000000003)"
"(0.22000000000000003, 0.55)"
"(0.1813675213675214, 0.6538461538461539)"
"(0.45138888888888884, 0.6819444444444445)"
"(0.11333333333333333, 0.43499999999999994)"
"(0.10000000000000002, 0.4875)"
"(0.33106060606060606, 0.5916666666666667)"
"(0.45208333333333334, 0.5770833333333334)"
"(-0.2916666666666667, 0.5416666666666666)"
"(0.0, 0.5)"
"(0.5, 0.5)"
"(0.225, 0.42500000000000004)"
"(0.5, 0.5)"
"(0.37878787878787873, 0.5333333333333333)"
"(0.3416666666666667, 0.6083333333333333)"
"(-0.16818181818181818, 0.3681818181818182)"
"(0.3704545454545454, 0.5896464646464646)"
"(0.7125, 0.6666666666666666)"
"(0.25, 0.25)"
"(0.1828125, 0.5)"
"(0.20555555555555557, 0.43333333333333335)"
"(0.10416666666666667, 0.4291666666666667)"
"(0.0, 0.0)"
"(0.4861111111111111, 0.48888888888888893)"
"(1.0, 0.5)"
"(0.4, 0.5972222222222222)"
"(0.315, 0.53)"
"(0.1875, 0.4375)"
"(0.1875, 0.4375)"
"(0.5, 0.5)"
"(0.26, 0.4)"
"(0.1336734693877551, 0.42653061224489797)"
"(0.13, 0.31875)"
"(0.17823129251700678, 0.47687074829931975)"
"(0.42361111111111116, 0.49722222222222223)"
"(0.25918367346938775, 0.4137755102040816)"
"(0.052083333333333336, 0.2708333333333333)"
"(0.3096428571428572, 0.5571428571428572)"
"(-0.8, 0.8)"
"(0.0, 0.0)"
"(0.6000000000000001, 0.9)"
"(0.7, 0.6000000000000001)"
"(0.5, 0.15)"
"(0.0, 0.0)"
"(0.0, 0.0)"
"(0.25, 0.55)"
"(0.3481481481481481, 0.462962962962963)"
"(-0.02301587301587295, 0.5793650793650794)"
"(0.0, 0.0)"
"(0.19999999999999998, 0.5)"
"(0.3125, 0.25)"
"(0.65, 0.625)"
"(0.0, 0.0)"
"(-0.005555555555555564, 0.3111111111111111)"
"(0.31, 0.55)"
"(0.31666666666666665, 0.55)"
"(0.5, 0.5)"
"(0.6199999999999999, 0.6399999999999999)"
"(0.3, 0.85)"
"(0.27199999999999996, 0.628)"
"(0.4375, 0.5)"
"(0.04055555555555557, 0.7983333333333333)"
"(-0.07452380952380953, 0.5584523809523809)"
"(0.36742424242424243, 0.75)"
"(0.05, 0.2)"
"(0.078125, 0.275)"
"(0.0, 0.3)"
"(0.5, 0.8888888888888888)"
"(-0.09294871794871794, 0.4256410256410256)"
"(0.5, 0.8333333333333334)"
"(0.5, 0.5)"
"(0.525, 0.6166666666666667)"
"(0.66875, 0.7125)"
"(0.1, 0.1625)"
"(0.5, 0.5)"
"(0.0, 0.0)"
"(0.0, 0.65)"
"(-0.1, 0.1)"
"(0.21666666666666667, 0.7166666666666667)"
"(0.07083333333333335, 0.75)"
"(0.2, 0.6)"
"(0.3939814814814815, 0.6802469135802469)"
"(0.03749999999999998, 0.6125)"
"(0.3041666666666667, 0.48249999999999993)"
"(0.05, 0.2)"
"(0.03142857142857143, 0.38567099567099566)"
"(0.20079966329966326, 0.5309283309283308)"
"(0.4, 0.5)"
"(1.0, 0.75)"
"(0.35714285714285715, 0.5357142857142857)"
"(0.25, 0.25)"
"(-0.0625, 0.4375)"
"(-0.15, 0.39999999999999997)"
"(-0.125, 0.375)"
"(0.8, 0.75)"
"(-0.04285714285714286, 0.5714285714285714)"
"(0.4, 0.45)"
"(0.9, 0.6)"
"(0.03333333333333333, 0.06666666666666667)"
"(0.0, 0.0)"
"(0.16666666666666666, 0.16666666666666666)"
"(0.052045454545454575, 0.7051515151515152)"
"(-0.07, 0.33)"
"(0.0, 1.0)"
"(0.6, 0.3)"
"(0.34, 0.6599999999999999)"
"(0.2725206611570248, 0.655)"
"(0.3010416666666667, 0.51875)"
"(0.0625, 0.5)"
"(0.125, 0.52)"
"(0.5, 0.5)"
"(0.65, 0.875)"
"(0.11904761904761907, 0.6452380952380952)"
"(0.3333333333333333, 0.5)"
"(0.10000000000000002, 0.20000000000000004)"
"(0.309375, 0.45000000000000007)"
"(0.0, 0.0)"
"(0.47666666666666674, 1.0)"
"(0.19166666666666665, 0.33333333333333337)"
"(0.0, 0.0)"
"(-0.09090909090909091, 0.6525)"
"(0.1, 0.35)"
"(0.6499999999999999, 0.8)"
"(-0.15, 0.6499999999999999)"
"(0.275, 0.8)"
"(0.08124999999999999, 0.48333333333333334)"
"(-0.008333333333333331, 0.43333333333333335)"
"(0.06666666666666665, 0.2333333333333333)"
"(0.3121212121212121, 0.46666666666666673)"
"(0.1284722222222222, 0.5645833333333333)"
"(0.46704545454545454, 0.5755681818181818)"
"(0.0, 0.0)"
"(0.3392857142857143, 0.38571428571428573)"
"(0.029166666666666674, 0.42500000000000004)"
"(0.15699999999999997, 0.35100000000000003)"
"(0.1, 0.6799999999999999)"
"(-0.24583333333333335, 0.37083333333333335)"
"(0.11079545454545459, 0.3958333333333333)"
"(0.51, 0.75)"
"(0.5, 0.9)"
"(0.015000000000000003, 0.25666666666666665)"
"(-0.015909090909090914, 0.6636363636363637)"
"(0.0, 0.125)"
"(0.5, 0.6499999999999999)"
"(0.13333333333333336, 0.3)"
"(0.225, 0.4944444444444444)"
"(0.3872727272727273, 0.5609090909090909)"
"(0.5444444444444444, 0.8055555555555555)"
"(0.4, 0.675)"
"(-0.09375, 0.3125)"
"(0.5, 0.4833333333333334)"
"(0.08333333333333333, 0.5041666666666667)"
"(0.18333333333333335, 0.3833333333333333)"
"(0.04166666666666666, 0.5916666666666667)"
"(0.2833333333333334, 0.5833333333333334)"
"(0.10000000000000002, 0.6333333333333333)"
"(0.45, 0.5)"
"(0.4, 0.5416666666666666)"
"(0.2, 0.2)"
"(0.08333333333333334, 0.4083333333333333)"
"(0.08, 0.26999999999999996)"
"(0.4371428571428571, 0.5352380952380952)"
"(-0.005555555555555557, 0.15555555555555556)"
"(0.1109375, 0.5239583333333333)"
"(0.0736111111111111, 0.5847222222222223)"
"(0.28571428571428575, 0.45)"
"(0.1511111111111111, 0.4602777777777778)"
"(-0.07857142857142858, 0.325)"
"(0.20772727272727273, 0.48772727272727273)"
"(0.27, 0.36769230769230765)"
"(0.01423611111111111, 0.3920138888888889)"
"(-0.009722222222222219, 0.4347222222222222)"
"(0.1875, 0.15416666666666667)"
"(0.075, 0.625)"
"(0.4, 0.535)"
"(0.3283333333333333, 0.6066666666666667)"
"(0.4, 0.425)"
"(0.6699999999999999, 0.81)"
"(0.25000000000000006, 0.7)"
"(0.07142857142857147, 0.5650793650793651)"
"(0.2, 0.2)"
"(-0.06666666666666667, 0.2833333333333333)"
"(0.43392857142857144, 0.7714285714285715)"
"(0.30666666666666664, 0.5133333333333333)"
"(0.09166666666666667, 0.27499999999999997)"
"(0.27777777777777773, 0.35555555555555557)"
"(0.0, 0.0)"
"(0.109375, 0.34375)"
"(0.43333333333333335, 0.8333333333333334)"
"(0.340625, 0.55)"
"(0.445, 0.4875)"
"(0.1375, 0.33749999999999997)"
"(0.3, 0.6166666666666667)"
"(0.3, 0.7666666666666666)"
"(0.27999999999999997, 0.74)"
"(0.043333333333333335, 0.08666666666666667)"
"(0.2222222222222222, 0.47222222222222227)"
"(0.3826666666666667, 0.3933333333333333)"
"(0.51, 0.76)"
"(0.07142857142857142, 0.2702380952380952)"
"(0.5, 0.9)"
"(0.40476190476190477, 0.6142857142857144)"
"(-0.10833333333333332, 0.4916666666666667)"
"(0.0, 0.041666666666666664)"
"(0.2392255892255892, 0.5949494949494949)"
"(0.034895833333333334, 0.32708333333333334)"
"(0.4681818181818182, 0.6022727272727273)"
"(0.3416666666666667, 0.7416666666666667)"
"(0.28250000000000003, 0.76)"
"(0.24375, 0.75)"
"(0.4121212121212121, 0.6515151515151515)"
"(0.25, 0.25)"
"(0.24642857142857144, 0.5571428571428572)"
"(0.2728937728937729, 0.5618131868131868)"
"(0.0388888888888889, 0.5487654320987655)"
"(0.024999999999999998, 0.6041666666666666)"
"(0.04182449494949495, 0.36013257575757573)"
"(0.16666666666666666, 0.5888888888888889)"
"(-0.625, 1.0)"
"(0.0, 0.0)"
"(0.55, 0.75)"
"(0.0, 0.0)"
"(0.5, 0.6)"
"(0.175, 0.44999999999999996)"
"(0.9099999999999999, 0.7800000000000001)"
"(0.0, 0.0)"
"(0.10833333333333334, 0.425)"
"(0.5, 0.6)"
"(-0.5, 0.7)"
"(0.0, 0.0)"
"(0.016666666666666673, 0.18888888888888888)"
"(0.1, 0.0)"
"(-0.175, 0.4)"
"(0.5, 0.7)"
"(0.5, 0.5)"
"(0.25, 0.55)"
"(0.16666666666666666, 0.3666666666666667)"
"(0.5, 0.5)"
"(0.0, 0.0)"
"(0.21212121212121213, 0.5)"
"(0.3375, 0.65)"
"(0.6666666666666666, 0.7000000000000001)"
"(0.6191666666666666, 0.74)"
"(-0.575, 0.7)"
"(0.26666666666666666, 0.39999999999999997)"
"(0.0, 0.0)"
"(-0.08333333333333333, 0.5033333333333333)"
"(0.4375, 1.0)"
"(1.0, 0.3)"
"(0.25, 0.4)"
"(0.24916666666666668, 0.7366666666666667)"
"(-0.2916666666666667, 0.5416666666666666)"
"(0.3, 0.42000000000000004)"
"(0.375, 0.905)"
"(0.1037037037037037, 0.5611111111111112)"
"(0.21504629629629632, 0.775)"
"(0.2222222222222222, 0.38888888888888884)"
"(0.5, 0.5)"
"(0.2625, 0.45)"
"(0.0, 0.65)"
"(-0.1, 0.2)"
"(0.05555555555555555, 0.6666666666666667)"
"(0.06000000000000001, 0.72)"
"(0.20404040404040402, 0.5671717171717172)"
"(0.05, 0.5)"
"(0.5785714285714286, 0.6607142857142857)"
"(0.18272727272727274, 0.6407575757575757)"
"(0.19166666666666665, 0.49583333333333335)"
"(0.12329545454545454, 0.6302083333333334)"
"(0.20833333333333334, 0.45416666666666666)"
"(0.26666666666666666, 0.6)"
"(0.0, 0.7)"
"(0.0, 0.5333333333333333)"
"(0.30735930735930733, 0.5535714285714285)"
"(0.3, 0.6333333333333333)"
"(-0.06944444444444445, 0.4069444444444445)"
"(0.08125, 0.675)"
"(0.15138888888888888, 0.7652777777777778)"
"(0.25, 0.5638888888888889)"
"(0.43333333333333335, 0.6333333333333333)"
"(0.0, 0.5)"
"(-0.0050000000000000044, 0.575)"
"(0.4, 0.55)"
"(0.04583333333333333, 0.3958333333333333)"
"(0.25, 0.3333333333333333)"
"(0.5, 0.5)"
"(0.5833333333333334, 0.48333333333333334)"
"(0.725, 0.75)"
"(-0.022727272727272724, 0.6666666666666666)"
"(0.475, 0.4)"
"(0.315, 0.795)"
"(0.16875000000000004, 0.5222222222222223)"
"(0.24, 0.44000000000000006)"
"(0.0, 0.8125)"
"(0.35, 0.575)"
"(0.19, 0.6224999999999999)"
"(0.25, 0.4375)"
"(-0.2916666666666667, 0.5416666666666666)"
"(0.037500000000000006, 0.275)"
"(0.15625, 0.5)"
"(-0.16666666666666666, 0.06666666666666667)"
"(0.4583333333333333, 0.3666666666666667)"
"(-0.1, 0.0)"
"(-0.8, 1.0)"
"(-0.16666666666666666, 0.43333333333333335)"
"(0.2285714285714286, 0.2857142857142857)"
"(-0.01666666666666668, 0.26666666666666666)"
"(-0.8, 0.9)"
"(0.19166666666666665, 0.30833333333333335)"
"(0.06875000000000006, 0.3916666666666666)"
"(0.2333333333333333, 0.7041666666666666)"
"(0.3546875, 0.9875)"
"(0.6716666666666666, 1.0)"
"(-0.625, 0.625)"
"(0.25, 0.42000000000000004)"
"(0.07333333333333333, 0.3933333333333333)"
"(-0.25833333333333336, 0.4416666666666667)"
"(0.175, 0.2875)"
"(-0.38, 0.78)"
"(0.8, 0.75)"
"(-0.059722222222222225, 0.42777777777777776)"
"(0.5666666666666668, 0.7666666666666666)"
"(-0.0666666666666667, 0.7333333333333334)"
"(0.3666666666666667, 0.5)"
"(0.5416666666666666, 0.6166666666666666)"
"(0.1638888888888889, 0.30277777777777776)"
"(0.09666666666666668, 0.77)"
"(-0.046527777777777786, 0.5604166666666666)"
"(0.16666666666666666, 0.2333333333333333)"
"(0.26666666666666666, 0.6277777777777777)"
"(-0.47222222222222215, 0.6555555555555556)"
"(0.2562074829931973, 0.4290816326530612)"
"(-0.016666666666666663, 0.37142857142857144)"
"(0.15799999999999997, 0.705)"
"(0.24722222222222223, 0.4388888888888889)"
"(0.4, 0.425)"
"(0.25, 0.2625)"
"(0.35, 0.35)"
"(1.0, 1.0)"
"(0.0, 0.0)"
"(0.12222222222222223, 0.7555555555555555)"
"(0.1510204081632653, 0.4812925170068027)"
"(0.40727272727272734, 0.64)"
"(0.5, 0.65)"
"(0.09642857142857145, 0.5517857142857143)"
"(0.0, 0.1)"
"(-0.25, 0.4)"
"(0.48500000000000004, 0.65)"
"(0.38160000000000005, 0.6904)"
"(0.5, 0.5)"
"(0.20000000000000004, 0.3)"
"(0.07954545454545454, 0.5227272727272727)"
"(0.42111111111111105, 0.6333333333333333)"
"(0.0, 0.0)"
"(0.0, 0.0)"
"(-0.175, 0.925)"
"(0.2, 0.45)"
"(-0.14583333333333334, 0.2708333333333333)"
"(0.375, 0.375)"
"(0.125, 0.5)"
"(-0.05, 0.4)"
"(0.25, 0.25)"
"(0.125, 0.5)"
"(0.2166666666666667, 0.48333333333333334)"
"(0.125, 0.5)"
"(0.23666666666666664, 0.55)"
"(0.0, 0.75)"
"(0.0, 0.0)"
"(0.2833333333333334, 0.8166666666666668)"
"(0.0, 0.0)"
"(0.06, 0.575)"
"(0.39444444444444443, 0.7777777777777778)"
"(0.42000000000000004, 0.5900000000000001)"
"(0.0, 0.0)"
"(0.0, 0.0)"
"(0.15000000000000002, 0.875)"
"(0.41818181818181815, 0.5272727272727273)"
"(0.8, 0.75)"
"(0.0, 0.0)"
"(0.2, 0.3)"
"(0.0, 0.0)"
"(0.5, 0.6)"
"(0.0, 0.0)"
"(0.0, 0.0)"
"(0.2333333333333333, 0.26666666666666666)"
"(-0.025, 0.2)"
"(0.175, 0.9444444444444444)"
"(0.2111111111111111, 0.45555555555555555)"
"(0.25, 0.6333333333333333)"
"(-0.020000000000000007, 0.29999999999999993)"
"(0.05, 0.25)"
"(0.06666666666666667, 0.7333333333333334)"
"(0.06666666666666667, 0.7333333333333334)"
"(0.2, 0.35)"
"(0.025, 0.2625)"
"(-0.1, 0.2)"
"(0.185, 0.78)"
"(0.1875, 0.51875)"
"(-0.012499999999999997, 0.4375)"
"(0.23958333333333334, 0.16666666666666666)"
"(0.34166666666666673, 0.5750000000000001)"
"(0.07500000000000001, 0.4)"
"(0.3, 0.8)"
"(-0.004545454545454547, 0.6666666666666666)"
"(0.29583333333333334, 0.5833333333333334)"
"(0.275, 0.48333333333333334)"
"(0.43333333333333335, 0.6333333333333333)"
"(0.43333333333333335, 0.4388888888888889)"
"(-0.1, 0.35)"
"(0.2965909090909091, 0.5761363636363637)"
"(0.2625, 0.2375)"
"(0.8, 0.75)"
"(0.8, 0.75)"
"(-0.03125, 0.5)"
"(0.0, 0.0)"
"(0.0, 0.0)"
"(0.184375, 0.5)"
"(0.23125, 0.5)"
"(0.5, 0.5)"
"(0.2, 0.3)"
"(0.0, 0.0)"
"(0.275, 0.575)"
"(0.05892857142857143, 0.37142857142857144)"
"(0.8, 0.75)"
"(0.3572916666666667, 0.49583333333333335)"
"(0.4787878787878788, 0.5833333333333334)"
"(0.06666666666666667, 0.11666666666666665)"
"(-0.025, 0.45)"
"(-0.16666666666666666, 0.06666666666666667)"
"(0.0, 0.6)"
"(0.0, 0.0)"
"(0.08333333333333333, 0.43333333333333335)"
"(1.0, 1.0)"
"(0.43333333333333335, 0.8333333333333334)"
"(-0.3125, 0.6875)"
"(0.125, 0.375)"
"(-0.05, 0.2)"
"(0.375, 0.875)"
"(0.4, 0.375)"
"(0.19999999999999998, 0.43333333333333335)"
"(0.53, 0.765)"
"(0.475, 0.8)"
"(-0.041666666666666664, 0.35000000000000003)"
"(0.101010101010101, 0.4444444444444444)"
"(0.4374999999999999, 0.6666666666666666)"
"(0.11249999999999999, 0.7)"
"(0.5, 0.6)"
"(-0.2916666666666667, 0.5416666666666666)"
"(0.5000000000000001, 0.9)"
"(0.07090909090909091, 0.3492207792207792)"
"(0.13333333333333333, 0.6333333333333333)"
"(0.5, 0.5)"
"(0.5, 0.5)"
"(0.3, 0.9)"
"(0.65, 0.65)"
"(0.25, 0.55)"
"(-0.25, 0.4)"
"(0.26666666666666666, 0.45)"
"(0.0, 0.0)"
"(0.0, 0.0)"
"(0.5, 0.5)"
"(0.16666666666666666, 0.625)"
"(-0.07142857142857142, 0.21428571428571427)"
"(-0.42499999999999993, 0.6083333333333333)"
"(-0.125, 0.85)"
"(0.30000000000000004, 0.45)"
"(-0.125, 0.125)"
"(0.5428571428571429, 0.6428571428571428)"
"(0.0, 0.625)"
"(0.6, 0.525)"
"(0.2, 0.2)"
"(-1.0, 1.0)"
"(0.13333333333333333, 0.15666666666666668)"
"(0.44727272727272727, 0.6)"
"(0.4166666666666667, 0.5583333333333333)"
"(0.0, 0.0)"
"(0.2, 0.5)"
"(0.4, 0.65)"
"(-0.125, 0.24166666666666667)"
"(0.25, 0.375)"
"(0.10928571428571429, 0.335)"
"(-0.16875, 0.58125)"
"(0.12361111111111112, 0.40416666666666673)"
"(0.5, 0.5)"
"(0.5, 0.55)"
"(0.0, 0.0)"
"(0.0, 0.0)"
"(-0.125, 0.7)"
"(0.5, 1.0)"
"(0.4375, 0.3375)"
"(0.8, 0.75)"
"(0.32202380952380955, 0.6190476190476191)"
"(0.11458333333333334, 0.5020833333333333)"
"(0.15781250000000002, 0.6333333333333333)"
"(0.7, 0.9)"
"(0.65, 0.8666666666666667)"
"(0.3125, 1.0)"
"(0.25, 0.8500000000000001)"
"(0.0, 0.0)"
"(0.125, 0.6944444444444444)"
"(-0.07500000000000001, 1.0)"
"(0.35162337662337656, 0.5785714285714286)"
"(0.17727272727272728, 0.5909090909090909)"
"(0.26454545454545453, 0.475)"
"(-0.08, 0.8166666666666665)"
"(0.35, 0.30000000000000004)"
"(0.1375, 0.5375)"
"(0.13333333333333333, 0.26666666666666666)"
"(-0.1268707482993197, 0.463265306122449)"
"(-0.0625, 0.1875)"
"(1.0, 0.3)"
"(0.22023809523809523, 0.30357142857142855)"
"(-0.125, 0.375)"
"(0.5, 0.5)"
"(0.31666666666666665, 0.46666666666666673)"
"(0.2, 0.3)"
"(0.16666666666666666, 0.7000000000000001)"
"(0.5333333333333333, 0.5)"
"(1.0, 0.3)"
"(0.0, 0.3333333333333333)"
"(0.15, 0.6)"
"(-0.0063446969696969654, 0.5545454545454546)"
"(-0.18666666666666668, 0.5099999999999999)"
"(0.5, 0.5)"
"(-0.1708333333333333, 0.7083333333333334)"
"(-0.22916666666666666, 0.6)"
"(0.21, 0.5866666666666667)"
"(-0.2916666666666667, 0.7916666666666666)"
"(0.0, 0.0)"
"(0.20416666666666664, 0.5708333333333333)"
"(0.0, 0.6)"
"(0.0, 0.0)"
"(0.6875, 0.7444444444444445)"
"(-0.1, 0.4)"
"(0.05, 0.05)"
"(0.02500000000000001, 0.61875)"
"(0.3041666666666667, 0.725)"
"(1.0, 0.3)"
"(0.25, 0.4666666666666666)"
"(0.1534722222222222, 0.46736111111111106)"
"(0.3666666666666667, 0.3333333333333333)"
"(0.3541666666666667, 0.5)"
"(0.07142857142857142, 0.5089285714285714)"
"(0.4, 0.9)"
"(0.1875, 0.6875)"
"(0.5, 0.825)"
"(0.022321428571428575, 0.35714285714285715)"
"(-0.025, 0.35)"
"(0.2916666666666667, 0.5166666666666667)"
"(0.13000000000000003, 0.7333333333333333)"
"(-0.06633333333333333, 0.25633333333333336)"
"(0.0, 0.0)"
"(0.55, 0.75)"
"(0.3875, 0.5875)"
"(0.375, 0.55625)"
"(0.22222222222222224, 0.4166666666666667)"
"(0.25, 0.3)"
"(0.5, 0.5)"
"(0.5, 0.5)"
"(0.12000000000000002, 0.74)"
"(5.551115123125783e-17, 0.7833333333333333)"
"(0.0, 0.0)"
"(0.06666666666666667, 0.39999999999999997)"
"(0.3, 0.3)"
"(0.5, 0.8333333333333334)"
"(0.55, 0.75)"
"(0.5166666666666666, 0.9166666666666667)"
"(0.46875, 0.5375000000000001)"
"(0.155, 0.48)"
"(-0.006060606060606077, 0.6666666666666667)"
"(0.3333333333333333, 0.4666666666666666)"
"(0.020000000000000007, 0.45999999999999996)"
"(-0.3833333333333333, 1.0)"
"(0.0, 0.6)"
"(0.2458333333333333, 0.48750000000000004)"
"(0.8, 0.9)"
"(0.012499999999999997, 0.2125)"
"(0.075, 0.45500000000000007)"
"(0.29545454545454547, 0.4166666666666667)"
"(-0.17847866419294992, 0.4969387755102041)"
"(0.3, 0.43333333333333335)"
"(0.07291666666666667, 0.5902777777777778)"
"(0.125, 0.6875)"
"(0.1325, 0.5777777777777777)"
"(0.21875, 0.6909722222222222)"
"(-0.1875, 0.65)"
"(0.39, 1.0)"
"(0.625, 0.6375)"
"(0.15357142857142858, 0.2571428571428572)"
"(-0.125, 0.375)"
"(0.13333333333333333, 0.5333333333333333)"
"(0.3, 0.625)"
"(0.26666666666666666, 0.6444444444444445)"
"(0.2833333333333333, 0.7777777777777777)"
"(0.058712121212121215, 0.5625)"
"(0.12666666666666668, 0.42666666666666664)"
"(0.275, 0.47500000000000003)"
"(0.153125, 0.44375)"
"(0.65, 0.625)"
"(0.3, 0.9)"
"(0.3125, 0.46333333333333326)"
"(0.18843537414965986, 0.6312925170068027)"
"(0.2590909090909091, 0.375)"
"(0.11666666666666667, 0.13333333333333333)"
"(-0.10625, 0.61875)"
"(0.0, 0.0)"
"(0.0069444444444444475, 0.7111111111111111)"
"(-0.09375, 0.5)"
"(0.32323232323232326, 0.4292929292929293)"
"(0.3178571428571429, 0.625)"
"(-0.0625, 0.6875)"
"(0.0, 0.05)"
"(0.0625, 0.8)"
"(0.25, 0.3)"
"(0.0, 0.0)"
"(0.65, 0.625)"
"(0.35606060606060613, 0.2868686868686869)"
"(0.6, 0.55)"
"(0.01416666666666666, 0.4616666666666666)"
"(0.0125, 0.65)"
"(-0.16666666666666666, 0.5)"
"(-0.02, 0.3433333333333333)"
"(0.22499999999999998, 0.42500000000000004)"
"(0.0, 1.0)"
"(0.18333333333333335, 0.2333333333333333)"
"(0.20000000000000004, 0.6333333333333333)"
"(0.6333333333333333, 0.9666666666666667)"
"(0.016666666666666666, 0.4666666666666666)"
"(0.24111111111111114, 0.42)"
"(0.33571428571428574, 0.5357142857142857)"
"(0.4535714285714286, 0.5821428571428571)"
"(-0.5, 0.9)"
"(0.5, 0.7)"
"(0.13535714285714287, 0.46571428571428564)"
"(0.2, 0.625)"
"(0.21805555555555556, 0.6055555555555555)"
"(0.023484848484848487, 0.43583333333333335)"
"(-0.015961538461538465, 0.4538461538461539)"
"(0.19374999999999998, 0.34375)"
"(0.2229957134368899, 0.48266700619641784)"
"(0.17625, 0.611875)"
"(0.016666666666666663, 0.48333333333333334)"
"(0.5475, 0.6799999999999999)"
"(0.1, 0.275)"
"(0.7, 1.0)"
"(0.44375, 0.9125)"
"(0.18000000000000002, 0.55)"
"(0.3090909090909091, 0.49696969696969695)"
"(0.5416666666666666, 0.5833333333333334)"
"(0.057499999999999996, 0.565)"
"(0.8000000000000002, 0.5)"
"(0.9333333333333332, 0.6833333333333332)"
"(0.5, 0.5)"
"(-0.15000000000000002, 0.25)"
"(0.25, 0.39999999999999997)"
"(-0.29583333333333334, 0.5208333333333333)"
"(0.2333333333333333, 0.26666666666666666)"
"(0.54, 0.63)"
"(0.8, 0.75)"
"(0.375, 0.5)"
"(0.3076923076923077, 0.5653846153846154)"
"(-0.2, 1.0)"
"(0.0, 0.0)"
"(0.40727272727272723, 0.510909090909091)"
"(0.2787878787878788, 0.4348484848484849)"
"(0.3444444444444445, 0.688888888888889)"
"(0.3, 0.9)"
"(0.02833333333333334, 0.5883333333333333)"
"(0.5, 1.0)"
"(0.33, 0.52)"
"(0.225, 0.3375)"
"(0.175, 0.44999999999999996)"
"(0.35, 0.4)"
"(0.24791666666666667, 0.6666666666666667)"
"(0.16249999999999998, 0.1625)"
"(0.4, 0.8)"
"(0.10416666666666667, 0.3333333333333333)"
"(0.0, 0.0)"
"(0.16666666666666666, 0.3333333333333333)"
"(0.1, 0.3)"
"(0.19999999999999998, 0.3)"
"(0.041666666666666664, 0.6083333333333333)"
"(0.434375, 0.6020833333333333)"
"(0.05388888888888889, 0.3572222222222222)"
"(0.08703703703703704, 0.30000000000000004)"
"(0.14166666666666666, 0.6761904761904762)"
"(0.27113095238095236, 0.5047619047619047)"
"(-0.10476190476190476, 0.7928571428571428)"
"(0.34761904761904766, 0.5267857142857143)"
"(0.08409090909090909, 0.6)"
"(-0.02749999999999999, 0.5)"
"(5.551115123125783e-17, 0.875)"
"(0.18333333333333335, 0.6416666666666666)"
"(0.06938492063492065, 0.45640873015873024)"
"(0.020833333333333332, 0.6666666666666666)"
"(0.04074074074074072, 0.5564814814814815)"
"(0.1, 0.22999999999999998)"
"(-0.23333333333333328, 0.5555555555555555)"
"(0.34, 0.4033333333333333)"
"(0.4916666666666667, 0.7000000000000001)"
"(0.3481481481481481, 0.462962962962963)"
"(0.8, 1.0)"
"(0.0, 0.0)"
"(0.0, 0.0)"
"(0.7, 0.6000000000000001)"
"(0.09166666666666667, 0.6166666666666667)"
"(0.5, 0.5)"
"(0.0, 0.0)"
"(0.0, 0.0)"
"(0.7, 0.6000000000000001)"
"(0.25, 0.25)"
"(1.0, 0.3)"
"(0.5, 0.5)"
"(0.0, 0.0)"
"(0.7046875, 0.7)"
"(0.08333333333333333, 0.4000000000000001)"
"(-0.5, 0.9)"
"(0.3044268231768232, 0.6387362637362637)"
"(-0.3999999999999999, 0.43333333333333335)"
"(0.0, 0.3)"
"(-0.19374999999999992, 0.7083333333333333)"
"(0.5166666666666667, 0.7333333333333334)"
"(-0.125, 0.375)"
"(0.1875, 0.45)"
"(0.525, 0.6333333333333333)"
"(-0.09583333333333335, 0.6625)"
"(0.15, 0.85)"
"(0.11799242424242423, 0.5424242424242425)"
"(0.26212121212121214, 0.48484848484848486)"
"(0.48333333333333334, 1.0)"
"(0.05, 0.225)"
"(0.2710227272727273, 0.5714015151515152)"
"(0.2809523809523809, 0.48095238095238096)"
"(0.27083333333333337, 0.5192307692307692)"
"(0.18958333333333335, 0.9375)"
"(0.3428571428571429, 0.5785714285714286)"
"(0.03333333333333333, 0.2523809523809524)"
"(0.15772727272727274, 0.44075757575757574)"
"(0.255, 0.3466666666666666)"
"(0.14805194805194807, 0.4113636363636363)"
"(0.4833333333333334, 0.5277777777777778)"
"(0.24277777777777776, 0.6433333333333333)"
"(0.4083333333333333, 0.6166666666666666)"
"(0.37784090909090906, 0.61875)"
"(0.1277777777777778, 0.8111111111111112)"
"(0.3174242424242424, 0.5916666666666667)"
"(0.215, 0.5)"
"(0.31666666666666665, 0.6333333333333334)"
"(-0.0359375, 0.275)"
"(0.375, 0.75)"
"(0.42500000000000004, 0.875)"
"(0.44999999999999996, 0.6000000000000001)"
"(0.234375, 0.5)"
"(0.0525, 0.5433333333333332)"
"(0.255, 0.5616666666666668)"
"(0.017959401709401714, 0.3088247863247863)"
"(0.15555555555555553, 0.4222222222222222)"
"(0.10351648351648357, 0.47926739926739925)"
"(0.3, 0.7)"
"(0.006893939393939397, 0.36590909090909085)"
"(0.05, 0.2)"
"(0.41939393939393943, 0.5590909090909091)"
"(0.2886904761904762, 0.5726190476190476)"
"(0.053125000000000006, 0.39999999999999997)"
"(0.24356060606060606, 0.5924242424242424)"
"(0.19285714285714287, 0.5252747252747253)"
"(0.0, 0.0)"
"(0.19999999999999998, 0.5333333333333333)"
"(-0.125, 1.0)"
"(0.2, 0.3)"
"(0.0, 0.0)"
"(-0.18750000000000003, 0.375)"
"(1.0, 0.3)"
"(0.16666666666666666, 0.3333333333333333)"
"(0.0, 0.0)"
"(0.5, 0.5)"
"(0.125, 0.5)"
"(-0.2111111111111111, 0.6)"
"(0.016666666666666677, 0.55)"
"(-0.3791666666666667, 0.7041666666666666)"
"(0.8, 0.75)"
"(0.20833333333333334, 0.5444444444444445)"
"(0.825, 0.475)"
"(0.8, 0.75)"
"(0.11666666666666665, 0.25)"
"(0.43333333333333335, 0.8333333333333334)"
"(-0.1, 0.3)"
"(0.1, 0.65)"
"(0.0, 0.0)"
"(-1.0, 1.0)"
"(-0.24999999999999992, 0.43333333333333335)"
"(0.04999999999999999, 0.6)"
"(0.4377777777777778, 0.7111111111111111)"
"(0.703125, 0.4625)"
"(0.35833333333333334, 0.48958333333333337)"
"(-0.1, 0.1)"
"(0.45999999999999996, 0.7)"
"(0.75, 0.775)"
"(0.16562499999999997, 0.41666666666666663)"
"(0.1875, 0.29166666666666663)"
"(0.025000000000000022, 0.6166666666666666)"
"(0.4375, 1.0)"
"(0.35, 0.6625)"
"(0.0020833333333333537, 0.7062499999999999)"
"(1.0, 1.0)"
"(0.5, 0.3)"
"(0.0, 0.0)"
"(0.04924242424242423, 0.4431818181818182)"
"(0.16666666666666669, 0.5)"
"(0.10208333333333332, 0.3666666666666667)"
"(-0.15, 0.39999999999999997)"
"(0.4375, 0.6499999999999999)"
"(0.52, 0.5800000000000001)"
"(0.7750000000000001, 0.825)"
"(0.353125, 0.4875)"
"(0.8, 0.95)"
"(0.0, 0.0)"
"(0.41666666666666663, 0.5)"
"(0.2, 0.3)"
"(-0.17333333333333334, 0.78)"
"(0.8, 0.75)"
"(0.0, 0.5)"
"(0.0, 0.52)"
"(-0.033333333333333326, 0.4583333333333333)"
"(-0.025, 0.635)"
"(0.3541666666666667, 0.5666666666666668)"
"(0.21666666666666667, 0.4666666666666667)"
"(-0.04583333333333334, 0.4208333333333333)"
"(0.7, 0.6000000000000001)"
"(0.5, 0.5)"
"(0.315, 0.43)"
"(0.45000000000000007, 0.7)"
"(0.22159090909090912, 0.65)"
"(0.5375, 0.55)"
"(-0.33888888888888885, 0.6055555555555555)"
"(-0.1607142857142857, 0.19642857142857142)"
"(0.05833333333333333, 0.4083333333333334)"
"(0.3111111111111111, 0.4444444444444444)"
"(0.25, 0.25)"
"(0.09285714285714286, 0.46428571428571425)"
"(0.325, 0.3375)"
"(0.24484126984126986, 0.5281746031746032)"
"(0.0, 0.16666666666666666)"
"(-0.3958333333333333, 0.8333333333333334)"
"(0.26875, 0.44375)"
"(0.15000000000000002, 0.5)"
"(0.05000000000000001, 0.19166666666666665)"
"(0.3027777777777778, 0.5166666666666667)"
"(0.1425925925925926, 0.4981481481481482)"
"(0.37393939393939396, 0.4966666666666667)"
"(-0.2, 0.35)"
"(0.7, 0.625)"
"(0.2578869047619048, 0.550595238095238)"
"(0.0, 0.0)"
"(0.725, 0.65)"
"(1.0, 0.75)"
"(0.20703703703703702, 0.6027777777777777)"
"(0.15, 0.125)"
"(0.3966666666666666, 0.5866666666666667)"
"(0.34352678571428574, 0.4968253968253968)"
"(0.7, 0.6000000000000001)"
"(0.578125, 0.41250000000000003)"
"(0.5895833333333333, 0.48333333333333334)"
"(0.445703125, 0.575)"
"(0.39999999999999997, 0.35000000000000003)"
"(0.0, 0.0)"
"(-0.19444444444444445, 0.4166666666666667)"
"(-0.1, 0.2)"
"(0.2, 0.30000000000000004)"
"(0.5166666666666666, 0.4833333333333334)"
"(0.5672727272727273, 0.6599999999999999)"
"(0.0, 0.85)"
"(0.175, 0.355)"
"(0.03534090909090909, 0.53625)"
"(0.2740625, 0.48812500000000003)"
"(0.459375, 0.546875)"
"(-0.37777777777777777, 0.7000000000000001)"
"(-0.22916666666666669, 0.8958333333333334)"
"(-0.008333333333333331, 0.25833333333333336)"
"(0.3, 0.35)"
"(-0.14375000000000002, 0.5187499999999999)"
"(0.28106060606060607, 0.6507575757575758)"
"(0.13636363636363635, 0.45454545454545453)"
"(0.32999999999999996, 0.6)"
"(0.252, 0.646)"
"(0.8, 0.75)"
"(0.475, 0.775)"
"(0.5, 0.5)"
"(0.2, 0.3)"
"(0.0, 0.0)"
"(0.2833333333333334, 0.7666666666666666)"
"(0.09999999999999999, 0.4333333333333333)"
"(0.5, 0.7)"
"(0.25757575757575757, 0.5333333333333333)"
"(0.2, 0.25)"
"(0.0625, 0.6875)"
"(0.5, 0.5)"
"(0.575, 0.575)"
"(-0.125, 0.375)"
"(0.3, 0.3833333333333333)"
"(0.5, 0.5)"
"(0.0, 0.0)"
"(0.55, 0.75)"
"(-0.125, 0.375)"
"(0.3352272727272727, 0.55)"
"(0.65, 0.675)"
"(0.625, 0.5)"
"(-0.05, 0.13333333333333333)"
"(0.8, 0.75)"
"(0.0, 0.0)"
"(0.0, 0.0)"
"(0.175, 1.0)"
"(0.0, 0.0)"
"(0.0, 0.0)"
"(0.0, 0.0)"
"(0.0, 0.0)"
"(0.0, 0.0)"
"(0.0, 0.0)"
"(0.0, 0.0)"
"(0.0, 0.0)"
"(0.0, 0.0)"
"(0.0, 0.0)"
"(0.0, 0.0)"
"(0.0, 0.0)"
"(0.3352272727272727, 0.55)"
"(0.65, 0.675)"
"(0.625, 0.5)"
"(-0.05, 0.13333333333333333)"
"(0.8, 0.75)"
"(0.0, 0.0)"
"(0.0, 0.0)"
"(0.175, 1.0)"
